Hour,Light,IsRaining,LightStatus
10,2655,0,0
11,2102,0,0
15,3793,0,1
5,1274,0,1
12,2786,0,0
5,3430,0,1
0,2502,0,1
2,1328,0,1
9,2225,0,1
8,799,0,0
8,2916,0,0
15,1243,0,0
21,2499,0,1
12,63,0,0
3,2274,0,1
6,1766,0,0
16,2836,0,0
15,3221,0,0
1,1194,0,1
17,3220,1,1
0,738,0,1
23,2675,0,1
19,904,1,1
9,858,0,0
9,678,0,0
5,1921,0,1
0,1787,0,1
21,1093,0,1
16,1629,0,0
6,3762,0,1
3,793,0,1
1,495,0,1
0,2539,1,1
0,1245,0,1
19,1320,0,1
6,3296,0,1
12,3793,1,1
1,67,0,0
12,3808,0,1
9,2896,0,0
3,457,0,1
8,2132,0,0
11,1584,0,0
5,90,0,1
3,276,0,1
18,546,0,1
11,762,0,0
3,2949,0,1
7,1818,0,0
0,3940,0,1
14,272,0,0
19,1688,1,1
2,3215,0,1
2,2266,0,1
0,1732,0,1
22,2502,0,1
2,4,0,1
8,3856,0,1
10,1985,0,0
13,3049,0,1
2,2904,0,1
16,3772,0,1
10,3960,0,1
10,2588,0,0
16,3704,0,1
21,468,0,1
5,2317,0,1
23,1239,0,1
22,3613,1,1
2,718,0,1
19,2396,0,1
16,697,0,0
4,1839,0,1
4,2223,0,1
23,3953,0,1
9,1067,1,0
4,1072,0,1
23,2840,0,1
4,3441,0,1
8,711,1,0
7,458,0,0
14,2350,0,0
17,1250,0,0
23,2345,0,1
19,3584,0,1
1,3962,1,1
6,2689,1,1
1,3776,0,1
1,343,0,1
1,2641,1,1
22,3701,0,1
2,1011,0,1
5,1983,0,1
15,3973,0,1
3,1533,0,1
5,1652,1,1
2,1443,0,1
11,1515,0,0
10,1073,0,0
2,3430,0,1
1,2469,0,1
22,2362,0,0
8,454,0,0
18,2777,0,1
12,3374,0,1
6,2304,0,0
4,2798,0,1
2,568,0,1
3,435,1,1
17,3147,1,1
17,2815,0,1
10,630,0,0
21,3228,0,1
17,2990,1,1
12,1151,0,0
1,1645,0,1
21,2788,0,1
9,1878,0,0
16,704,0,0
19,1946,0,1
4,1312,0,1
22,3381,0,1
5,2961,0,1
22,2971,0,1
23,3113,0,1
15,128,0,0
6,2719,0,0
18,163,0,1
23,2893,0,1
13,3038,0,1
0,1204,1,1
23,3706,0,1
23,3785,0,1
18,3910,1,1
5,3176,0,1
17,1766,0,0
8,1573,1,0
14,2726,1,1
2,971,0,1
23,3531,1,1
22,4010,0,0
3,1325,0,1
9,2908,0,0
11,3498,1,1
20,3335,0,1
20,1250,1,1
3,3516,1,1
22,2638,1,1
9,1065,0,0
11,1525,0,0
19,3769,0,1
3,228,0,1
21,2938,0,1
14,3361,0,1
20,2009,0,1
6,687,0,0
5,3469,0,1
12,653,1,0
9,3941,0,1
11,380,0,0
15,3827,0,1
16,3665,0,1
22,194,0,0
20,1358,0,1
14,1674,0,0
19,3514,0,1
12,2150,0,0
8,648,0,0
18,1357,0,1
6,2556,0,0
7,2311,1,1
2,2216,0,1
16,1142,0,0
11,4084,1,1
2,3475,0,0
4,1956,0,1
7,1836,1,0
5,2637,0,1
10,3061,0,1
7,1243,0,0
21,1397,1,1
13,453,0,0
5,2253,0,1
17,1830,0,0
6,4004,0,1
22,217,0,1
3,2778,0,1
19,4094,0,1
1,40,0,0
6,3783,0,1
2,2803,0,1
0,2401,1,1
10,3312,0,1
22,717,1,1
17,2872,0,0
19,87,0,1
7,3124,1,1
8,3905,0,1
18,666,0,1
11,778,1,0
10,285,0,0
23,411,0,1
13,2439,0,1
15,1170,1,0
18,802,0,1
3,3585,0,1
18,2432,0,1
11,1227,0,0
4,3393,1,1
2,585,0,1
10,1073,0,0
0,149,0,1
9,731,0,0
16,2124,0,0
1,3161,1,1
14,2305,0,0
9,2975,1,1
1,1152,0,1
18,684,0,1
0,1551,0,1
13,929,1,0
19,857,0,0
22,3085,0,1
21,2145,0,1
12,3665,0,1
16,3239,0,1
13,2551,0,0
20,1610,0,1
18,2402,0,1
6,1499,0,0
22,2126,0,1
12,663,0,0
15,1101,0,0
20,1682,0,1
1,434,0,1
16,3124,0,1
11,155,0,0
14,3357,0,1
17,2360,0,0
10,3981,0,1
5,2075,0,1
2,1591,1,1
15,3600,0,1
2,3718,0,1
3,1344,0,1
13,2708,0,0
0,1201,0,1
2,1394,1,1
5,911,0,1
17,2198,0,0
2,3862,0,1
1,3861,0,1
17,2852,0,0
23,582,0,1
10,3477,0,1
14,689,0,0
13,3254,1,1
16,1818,0,0
3,1583,0,0
21,1313,0,1
15,2895,0,0
13,1216,0,0
9,180,0,0
22,997,0,1
9,3336,0,1
13,933,0,0
19,3615,1,1
22,3408,1,1
9,994,0,0
0,3612,1,1
4,1205,1,1
22,2487,0,1
14,2042,1,1
13,381,0,0
10,652,1,0
18,148,0,1
20,3594,0,1
17,677,0,0
18,95,0,1
15,196,1,0
1,3906,0,1
1,3603,0,1
19,3852,0,1
1,762,0,1
15,2259,0,0
17,3259,0,0
13,2912,1,1
22,986,0,1
6,4065,1,1
4,3753,0,1
19,151,0,1
20,2608,0,0
16,2536,0,0
10,1832,1,0
23,2290,0,1
8,1757,0,0
13,3802,0,0
15,4031,0,1
15,961,0,1
16,1673,0,0
23,3477,1,1
12,438,0,0
13,1287,0,0
22,3153,0,1
0,2241,0,1
21,3695,0,1
4,2044,1,1
17,1196,0,0
3,3267,0,1
17,2530,0,0
4,2840,0,1
1,3216,0,1
17,1936,0,1
11,2712,1,1
13,2217,1,1
10,2211,0,0
22,1881,0,1
9,1435,0,0
0,1289,0,1
0,2193,0,1
0,2995,1,1
18,4083,1,1
22,2948,0,1
1,1420,0,0
10,1810,0,0
6,3921,0,1
9,1184,0,0
19,3304,0,1
17,2874,0,0
6,2428,0,0
14,3745,0,1
7,3042,0,1
1,1289,0,1
8,199,0,0
10,1655,0,0
17,1403,1,0
22,82,0,1
1,2641,1,1
5,389,0,1
2,2009,0,1
20,4011,0,1
22,4015,0,1
16,877,0,0
1,4093,0,1
11,4057,0,1
15,3130,1,0
7,1419,0,0
5,3118,1,1
8,1295,1,0
2,1810,0,1
9,1858,1,0
1,2622,1,1
15,979,0,0
9,2981,0,0
22,403,1,1
5,322,0,1
11,498,0,0
21,1718,0,1
5,84,1,1
17,3781,0,1
18,3673,0,1
21,3943,1,1
9,1337,0,0
11,0,0,0
7,2977,0,0
13,1057,1,0
18,2361,0,1
15,744,0,0
20,2755,1,1
5,2446,0,1
4,574,0,1
22,1501,0,1
16,1579,1,0
3,2649,1,1
5,712,0,1
15,2112,0,0
20,2312,1,1
12,2812,0,0
2,1689,0,1
12,392,0,0
2,4012,0,1
23,2688,0,1
19,281,0,1
10,565,0,0
12,3865,0,1
0,983,1,1
20,3137,0,1
19,2934,0,1
11,1892,1,0
16,2475,0,0
15,2027,0,0
22,3047,0,1
2,2552,0,1
4,75,0,1
22,2351,0,1
14,3306,0,1
1,2352,0,1
11,750,0,0
13,2596,0,0
8,1359,0,0
9,181,0,0
6,589,0,0
1,1907,0,1
12,927,0,0
14,1385,0,0
17,1916,0,0
13,20,0,0
22,3239,0,1
16,1275,0,0
9,3425,0,1
12,386,0,0
23,3241,0,1
10,2537,0,0
12,1243,0,0
18,2546,0,1
13,2565,0,0
12,2228,0,0
11,1490,1,0
11,1256,0,0
13,2763,0,0
1,843,1,1
0,1269,0,1
10,1899,0,0
18,152,0,0
18,1321,0,0
16,1911,1,0
23,784,0,0
23,553,0,1
17,3336,0,1
1,3632,0,1
17,2803,0,0
18,3134,0,1
8,1735,0,0
19,959,0,1
22,3465,0,1
23,675,0,1
17,3549,0,1
0,1234,0,1
15,2710,0,0
4,853,0,1
0,1710,0,1
21,1668,0,1
13,805,1,0
21,2624,0,1
10,1653,0,0
17,3737,0,1
6,3596,0,1
17,1421,0,0
23,1028,0,1
4,846,1,0
20,942,1,1
13,1615,0,0
12,3549,1,1
11,1057,0,0
14,3957,1,0
12,2607,0,0
3,2658,1,1
12,3279,1,1
2,457,1,1
6,1226,0,0
22,846,0,1
2,1620,0,1
14,2650,1,1
21,3897,0,1
4,2691,0,1
8,3875,1,1
14,2921,0,0
13,2382,1,1
7,533,1,1
16,2305,0,0
20,1893,1,1
15,64,0,0
6,246,0,0
19,454,1,1
10,201,0,0
6,748,0,0
23,3669,0,1
13,891,0,0
16,1843,0,0
4,3476,0,1
20,3072,0,0
21,237,0,1
4,1912,0,1
17,1961,1,0
19,2567,0,1
21,2925,0,1
8,3737,0,1
15,2204,0,0
10,3493,0,1
4,697,1,1
4,1989,0,1
6,1992,1,0
5,2347,1,1
9,2404,1,1
11,2924,0,1
20,3717,1,1
10,2157,1,1
12,2,0,0
21,2086,1,1
6,752,0,0
4,2158,1,1
6,2201,0,1
0,29,0,1
17,3015,0,1
1,1763,1,1
21,4070,1,1
4,692,0,1
12,650,0,0
19,1216,0,1
18,2014,1,1
6,1448,0,0
13,3970,0,1
9,1198,0,0
16,3130,0,1
14,738,0,0
0,3779,0,1
17,3904,1,1
11,1631,0,0
9,2306,0,0
19,1781,0,1
13,4088,0,1
9,1866,0,0
3,673,0,1
16,2035,1,1
17,177,0,0
0,2599,1,1
2,3059,0,1
17,3777,0,1
13,3819,0,1
8,1768,1,0
22,807,0,1
15,1046,1,0
21,1020,0,1
19,1290,0,1
5,1309,0,0
0,3066,0,1
5,3296,0,1
2,410,0,1
1,1143,0,1
10,3941,0,1
9,65,1,1
7,2778,0,1
21,3901,0,1
3,2427,1,1
9,3870,1,1
2,3605,0,1
13,3800,0,1
22,2584,1,1
9,780,1,0
10,841,0,0
10,2995,0,0
3,2747,0,1
2,1997,0,1
18,1519,0,1
16,3259,1,1
7,1497,0,0
0,860,1,1
11,3766,0,1
16,3995,0,1
18,2323,0,1
20,1664,0,1
7,2929,0,0
1,2059,0,1
12,1889,0,0
17,2474,0,0
18,574,0,1
12,2565,0,0
13,2746,0,0
1,1454,1,1
2,608,0,1
18,3288,0,1
19,1730,0,1
1,3419,0,1
20,2186,1,1
0,2717,0,1
4,3064,0,1
3,194,1,1
4,2479,1,1
13,2244,0,0
8,2204,0,0
2,3811,0,1
16,3638,0,1
0,1433,0,1
23,3359,0,1
18,2102,1,1
7,3613,0,1
2,3605,0,1
20,2985,0,1
11,1137,0,0
3,3955,0,1
16,3816,0,1
2,3744,0,1
19,3475,1,1
6,1231,0,0
10,255,0,0
17,3345,0,1
11,1375,0,0
5,1244,0,1
14,3006,0,1
7,2528,0,0
23,332,0,1
20,3194,0,1
3,1835,0,1
1,293,0,1
14,3121,1,1
21,2998,0,1
23,3783,0,1
23,1605,0,1
20,1203,0,1
14,996,0,0
4,1624,0,0
3,1521,1,1
14,1316,1,0
15,3062,0,1
4,864,0,1
22,1133,0,1
12,1590,0,0
16,1425,0,0
3,4055,0,1
2,1835,0,0
15,1572,0,0
3,3128,0,1
23,2939,0,1
9,3411,0,0
21,2666,0,1
12,2958,0,0
2,1926,0,1
7,3838,1,1
20,1360,0,0
20,1946,0,1
22,3680,0,0
9,2675,1,1
20,1910,0,1
7,3273,0,1
23,2007,0,1
14,537,0,0
20,2695,0,1
1,1366,0,1
8,427,0,0
22,1011,0,1
0,29,1,1
10,1093,0,0
1,3291,0,1
17,1419,1,0
18,2591,0,0
5,3678,0,1
12,1129,0,0
6,2271,1,1
20,2318,1,1
0,3782,0,1
6,843,0,0
11,1868,0,0
22,1461,0,1
22,3259,0,1
20,1080,0,1
0,2369,0,1
12,2528,0,0
7,1475,0,0
14,887,1,0
21,3799,0,1
22,2503,0,1
2,688,0,1
0,2145,0,1
23,4077,1,1
12,2515,0,0
6,2943,0,0
6,1952,0,0
19,3874,0,1
20,972,0,1
19,3775,0,1
9,256,0,0
4,2429,0,1
2,2713,0,1
13,1384,0,0
16,1782,0,0
14,3175,0,1
5,1583,0,1
15,977,0,0
22,313,0,1
13,1839,0,0
22,1277,0,1
6,2115,0,0
13,3956,0,0
22,55,0,1
1,1824,0,1
6,508,0,0
23,851,0,1
18,1568,0,0
10,359,0,0
17,922,0,0
10,1859,0,0
10,1185,0,0
21,1748,1,1
12,2771,0,0
18,2263,0,1
4,944,0,1
4,368,1,1
2,2235,0,1
13,3993,0,1
20,1639,0,1
3,39,1,1
17,2235,1,1
15,1329,0,0
1,1420,0,1
3,3941,0,1
3,2240,0,1
2,938,0,1
4,1056,0,1
6,3071,0,1
15,350,0,0
1,414,0,1
20,478,0,1
3,495,0,1
10,170,0,0
2,813,0,0
15,1527,0,0
15,1073,0,0
21,980,0,1
23,2894,0,1
14,255,0,0
13,1745,0,0
3,2094,0,0
6,3442,1,1
1,3235,0,1
13,2015,0,0
20,1677,0,1
9,3225,0,1
19,82,0,1
22,2564,1,1
14,2620,0,0
1,806,0,0
18,357,1,1
22,3587,0,1
21,2619,0,1
5,1651,0,1
18,3971,0,1
13,3879,1,0
7,778,1,0
12,1055,0,0
10,1402,0,0
1,282,0,1
8,3091,0,0
9,3653,0,1
12,1541,1,0
20,2655,1,1
16,38,0,0
17,1166,0,0
13,1756,0,1
10,1702,0,0
1,440,0,0
10,815,1,0
22,3981,0,1
2,555,0,1
23,1233,0,0
14,3410,0,0
8,2171,0,0
23,154,0,1
4,2603,0,0
14,1238,1,0
14,762,0,0
15,3698,0,1
15,847,0,1
2,1967,1,1
12,2496,0,0
22,1890,1,1
20,2151,1,1
18,570,0,1
4,567,0,1
23,512,0,1
19,3848,0,1
11,1090,1,0
0,4048,0,1
13,603,0,0
3,783,1,1
1,2411,1,1
1,4083,0,1
21,2274,0,1
22,423,1,1
8,3877,0,1
7,1170,0,0
4,1122,1,1
6,2633,1,1
17,2929,0,1
3,1807,0,1
0,1271,1,1
21,2551,0,1
13,3272,0,1
15,965,0,0
3,2676,0,1
10,598,0,0
0,754,0,1
15,2720,0,0
2,2406,0,1
5,2597,0,1
10,3484,0,1
21,1053,0,1
14,370,1,0
4,1280,0,1
10,813,0,0
8,1012,0,0
5,2772,1,1
11,1835,0,0
19,1427,1,1
2,3596,0,1
23,2489,1,1
4,455,0,1
21,2265,0,1
12,3679,0,1
6,2687,1,1
16,2230,0,0
23,60,0,0
15,2740,0,0
23,3268,0,1
8,306,0,0
9,2753,0,0
7,2740,0,0
7,3828,0,1
11,2450,0,1
6,3076,0,1
13,41,0,0
15,3353,1,1
10,2200,1,1
16,1682,0,0
23,1421,0,1
22,3909,1,1
5,746,0,1
17,4064,1,1
12,2991,0,0
8,267,0,0
12,587,0,0
4,3863,1,1
10,2688,0,0
8,282,1,0
9,166,0,0
5,379,0,1
1,2261,0,1
9,1825,0,0
5,2734,0,1
15,2600,0,0
6,635,1,0
4,2184,0,1
20,986,0,1
5,3745,0,1
3,802,0,1
10,3946,0,1
6,378,0,0
1,1766,1,1
15,2387,0,0
22,888,0,1
8,4092,0,1
10,2381,0,0
16,3907,0,1
17,1575,0,0
14,3078,0,1
11,704,0,0
0,1521,0,0
14,978,0,0
1,3432,1,1
8,89,0,0
15,1422,1,0
19,2359,1,1
18,1503,0,1
4,1227,0,1
3,2799,1,1
3,3877,1,1
9,1462,0,0
8,2007,0,0
23,483,0,1
1,2861,1,1
22,408,0,1
8,1688,0,0
16,968,1,0
16,3458,1,1
2,3629,0,1
2,848,0,1
15,3778,1,1
7,4072,0,1
1,2848,0,0
1,525,1,1
21,2896,0,1
0,2077,0,1
3,1851,0,1
1,2023,0,1
14,1504,0,0
11,2773,0,0
0,378,1,1
21,1409,0,1
20,823,0,1
7,1625,0,0
16,4033,0,1
12,2082,1,1
21,3454,0,1
18,3930,1,1
6,3485,1,1
13,3446,0,1
0,2517,0,1
3,2303,0,1
10,995,0,0
1,2755,0,1
10,2210,0,0
11,2477,0,0
21,2255,0,1
15,1022,0,0
7,3963,1,1
21,304,1,1
5,41,0,1
22,2995,0,0
4,368,1,1
14,1999,0,0
13,2588,1,1
19,3118,1,1
21,125,0,1
14,912,0,0
2,979,0,1
23,1134,0,1
1,2806,0,1
5,3783,0,1
9,3021,1,1
2,3401,0,1
8,1299,0,0
11,1673,0,0
15,3010,0,1
0,1174,0,1
4,2516,0,1
1,3136,1,1
18,3998,0,1
2,2420,0,1
19,1256,1,1
21,3076,0,1
11,283,0,0
7,4011,1,1
18,2011,0,1
1,1124,0,1
3,4043,0,1
5,2554,0,1
11,1703,0,0
1,299,0,1
16,1467,0,0
3,814,0,1
14,4032,0,1
20,3345,1,0
14,974,0,0
13,3786,0,1
20,3470,0,1
11,3231,0,1
2,4083,0,1
5,1763,1,1
8,3386,0,1
2,3496,0,1
22,3052,0,1
10,3713,0,1
20,655,0,1
2,1432,0,0
12,3518,0,1
19,1058,0,1
2,1790,0,1
8,571,0,0
0,2769,0,1
0,2680,0,1
19,1498,0,1
13,1111,0,0
5,313,0,1
9,2252,0,0
20,1082,0,1
1,252,0,1
21,2890,0,1
10,4070,1,1
16,1501,0,0
3,2801,1,1
16,2738,0,0
6,1899,0,0
8,2865,0,0
5,3887,0,1
7,1499,1,0
8,335,0,0
4,783,0,1
7,2453,0,0
23,3762,0,1
5,1777,1,1
21,331,0,1
9,3441,1,1
7,427,1,0
10,528,0,1
2,2681,1,1
12,810,0,0
19,124,0,1
12,146,1,0
5,1094,0,0
6,384,0,0
21,396,0,1
0,2013,0,1
12,808,1,0
6,1291,0,0
12,3800,0,1
9,978,1,0
14,2529,0,0
8,970,0,0
19,3642,0,1
4,833,0,1
2,1872,1,1
17,1612,0,1
20,451,0,1
18,1496,0,1
11,2209,1,1
0,2921,0,1
3,3947,0,1
9,861,0,0
2,2611,0,1
17,2630,0,1
11,1064,0,0
21,101,0,1
22,2726,0,1
16,1527,1,0
4,2566,0,1
0,428,0,1
21,1324,0,1
4,2762,0,1
5,972,0,1
0,1738,1,1
22,2848,0,1
16,1470,0,0
7,525,0,0
3,3639,0,1
8,1781,0,0
21,3230,0,1
11,1763,0,0
15,2216,1,1
14,466,0,0
0,360,0,1
7,684,0,0
8,696,1,0
11,1642,0,0
13,52,0,0
5,1509,0,1
22,1739,0,1
10,139,0,0
1,447,0,1
7,3461,1,1
19,3120,0,1
22,2120,0,1
21,976,0,1
17,2831,1,1
14,1603,0,0
13,1860,0,0
19,3820,0,1
4,3138,0,0
3,1064,0,1
11,501,0,0
7,3994,0,1
21,2330,1,1
17,2795,0,0
5,1842,0,1
9,302,0,0
23,3232,0,1
6,3518,0,1
20,1960,0,1
0,2335,0,1
15,733,0,0
13,1869,1,0
15,2710,0,0
8,295,0,0
9,2353,0,0
5,879,1,1
23,452,0,1
16,69,1,0
6,2830,0,0
19,4043,0,0
5,1819,0,1
2,826,1,1
22,2310,0,1
12,3301,0,1
6,1078,0,1
23,2420,1,1
7,1444,0,0
21,628,0,0
11,3586,0,1
3,1978,0,1
1,612,0,1
7,749,0,0
12,2186,1,1
12,844,1,0
5,2960,0,1
20,665,0,1
13,3327,0,1
22,3908,1,1
9,1883,0,0
19,1104,0,1
6,3251,1,1
0,964,0,1
17,1020,0,0
5,2257,0,1
22,1580,0,1
12,2029,0,0
7,3332,0,1
18,3029,0,1
17,2123,0,0
10,2329,0,0
3,2769,1,1
7,3454,0,1
5,3412,1,1
13,2050,0,0
4,3625,0,1
19,2926,1,1
13,920,0,0
11,989,1,0
12,2270,0,0
22,3206,0,1
10,1712,0,0
13,4041,0,1
3,507,0,1
12,2137,0,0
12,1128,0,0
7,2139,0,0
19,311,0,1
19,1522,0,1
9,442,0,0
14,1983,0,0
20,1211,1,1
11,649,0,0
3,219,0,1
7,2424,0,1
10,1615,0,1
12,1090,0,0
6,1550,0,0
5,317,0,1
12,3814,0,1
8,3530,0,1
21,1997,0,1
10,3932,0,1
18,1133,0,1
14,3451,0,1
6,2189,0,0
0,2582,0,1
21,907,0,1
12,3227,0,1
17,1312,1,0
23,168,0,1
19,3626,0,1
12,1920,0,0
20,2117,0,1
22,208,0,1
20,82,1,0
11,1430,1,0
7,4062,0,0
0,2905,0,1
4,727,1,1
20,294,0,1
11,199,0,0
23,3509,0,1
9,2323,0,0
8,3216,1,1
16,3635,0,1
16,4082,0,1
14,2887,0,0
8,1064,1,0
6,538,0,0
6,3727,0,1
11,2812,0,0
22,1593,0,1
19,48,1,1
11,159,0,0
10,3448,0,0
6,976,0,0
16,776,0,0
3,2395,0,1
0,812,1,1
7,2850,0,0
7,421,1,0
17,3214,0,1
14,1755,0,0
18,3699,0,1
11,1694,0,0
18,276,0,1
10,1990,0,0
7,2892,0,0
3,1062,1,1
8,2544,1,1
9,2627,0,0
18,4039,1,1
4,3175,1,1
5,1307,1,1
8,1207,0,0
12,622,0,0
16,1488,0,0
6,2690,0,0
21,3584,0,1
17,2475,0,1
11,3532,0,1
4,3875,0,1
10,861,0,0
3,1025,0,0
18,3439,0,1
7,3793,0,1
17,885,0,0
11,4093,0,1
4,3192,0,1
18,3955,0,1
6,2804,0,0
15,910,1,0
17,649,1,0
0,2310,0,0
7,2930,1,1
23,2241,0,1
2,444,0,1
10,3757,0,1
22,1582,0,1
21,410,0,1
7,1515,0,0
6,37,1,0
6,1933,0,0
19,2175,0,1
2,1974,0,1
5,1326,0,1
6,3619,0,1
9,1252,0,0
18,185,0,1
14,3725,0,1
4,1802,0,1
23,3482,0,1
1,3499,0,1
19,943,0,1
4,1968,0,1
10,1228,0,0
14,1019,0,0
1,572,0,1
13,1768,0,0
19,2358,0,1
17,1985,1,0
8,1851,0,0
13,3097,0,1
12,2454,0,0
7,4068,0,1
17,237,0,0
15,3171,0,1
23,3477,0,1
21,3403,0,1
21,3349,1,1
8,3101,0,1
12,964,1,0
11,390,0,1
6,180,0,0
17,3467,0,1
23,327,0,1
10,1557,0,1
7,1577,0,0
19,2541,1,1
18,2897,0,1
20,28,0,1
2,3624,0,1
3,1888,1,1
21,1155,0,1
22,858,0,1
1,24,0,1
0,553,1,1
5,372,0,1
16,88,0,0
3,359,0,1
9,266,0,0
18,1125,0,1
4,1959,0,1
16,3811,0,1
18,1102,0,1
4,1030,0,0
10,2674,0,0
5,559,1,0
9,579,1,0
14,2648,0,0
18,3439,0,1
4,1293,0,0
13,3954,1,1
1,3102,0,1
10,1255,0,0
18,2600,0,1
8,1367,0,0
16,584,0,0
19,1764,1,1
20,3035,1,1
14,714,0,0
16,2708,1,1
8,2484,0,0
11,2489,0,1
18,3693,0,1
13,486,0,1
23,190,0,1
6,2431,1,1
4,2649,0,1
18,1064,0,1
23,2841,0,1
9,3466,0,1
3,3641,0,1
15,2841,1,1
21,477,0,1
4,3990,0,1
9,874,0,1
12,3627,0,1
11,1018,0,0
9,135,1,0
5,2664,1,0
18,2294,0,1
22,3301,1,1
3,774,1,1
22,1107,0,1
9,187,1,0
17,825,0,0
0,1920,0,1
2,1268,0,1
6,2753,0,0
14,4053,1,1
11,1606,0,1
4,2267,0,1
15,225,0,0
10,3572,1,1
3,800,0,1
19,1556,0,1
13,730,0,0
1,3468,0,1
8,1370,0,1
22,767,0,1
0,1780,0,1
19,2416,0,1
8,3001,0,1
23,2974,0,1
4,633,0,1
20,1274,0,1
1,2691,0,1
5,1689,1,1
9,2429,0,0
22,1039,0,1
12,265,0,0
8,1175,0,0
23,137,0,1
12,1453,0,0
4,2672,0,1
18,3873,0,1
19,3798,0,1
12,3963,0,1
20,320,0,1
2,270,0,1
22,1960,0,1
15,2407,1,1
12,422,0,0
1,4058,1,1
7,712,0,0
16,463,0,0
14,584,1,0
8,609,0,0
20,713,0,1
10,918,0,0
8,3854,0,1
8,2613,0,0
10,3960,0,1
7,1325,0,0
20,1203,0,1
18,3755,0,1
4,3718,0,1
21,266,0,1
22,1335,0,1
12,2963,0,0
4,4031,1,1
23,1596,0,1
14,2776,0,0
5,573,0,1
23,331,1,1
1,495,0,1
5,3119,0,1
16,541,1,0
18,396,0,1
19,1375,0,1
20,3120,0,1
22,3097,1,1
8,1684,0,0
5,2837,0,1
18,2067,0,1
1,2327,1,1
15,540,0,0
21,3292,0,1
9,1152,0,0
12,2525,0,0
2,3744,0,0
17,3603,0,0
12,442,1,0
19,2644,0,1
12,2737,0,0
6,2922,0,0
22,436,0,1
11,2042,1,1
0,3843,0,1
18,2774,0,1
21,3101,0,1
1,2128,1,1
19,724,0,1
18,1984,0,1
18,2455,0,1
16,220,1,0
14,11,0,0
2,1613,0,1
6,2813,1,1
12,3672,0,1
0,54,0,1
2,531,0,1
21,251,0,1
0,3283,0,1
14,1766,0,0
14,2774,0,0
17,960,0,0
17,1577,1,0
2,800,0,1
11,3740,1,1
4,3462,1,1
7,928,0,0
5,3437,1,1
23,2536,0,0
16,746,0,0
20,3675,0,1
4,1906,0,1
14,774,0,0
1,3184,0,1
11,2602,0,0
10,2370,0,0
5,3214,0,1
0,3316,0,1
20,999,0,1
22,1626,1,1
22,317,0,1
9,2265,1,1
9,1161,0,0
14,3890,1,1
11,3269,1,1
11,3302,1,1
2,106,1,1
3,724,0,1
8,185,0,0
8,128,1,0
8,1509,1,0
21,1695,0,1
11,3485,1,1
20,416,1,1
0,2568,0,1
20,2106,0,1
21,2586,0,1
15,2457,0,0
18,180,0,1
22,971,0,1
8,1175,1,0
4,3544,1,1
6,3578,0,1
15,1695,0,0
9,2581,0,0
15,2896,0,0
21,2364,0,1
6,3968,0,1
22,1920,0,1
10,1279,0,0
22,832,0,0
13,3648,0,1
1,883,0,1
4,1510,0,1
13,3855,0,1
0,1273,0,1
21,1276,0,0
0,3555,1,1
17,480,1,0
9,3953,0,1
6,510,0,0
6,2662,1,1
3,989,0,1
10,1632,0,0
22,2865,0,1
10,3110,0,1
6,3435,0,0
19,295,0,1
9,114,0,0
15,2524,0,0
10,2205,0,0
6,307,0,0
18,2124,0,1
1,3009,0,1
21,3677,1,1
21,740,0,1
9,1830,0,0
18,3069,0,1
21,2275,0,1
13,408,1,0
10,1270,0,0
14,1821,0,0
3,50,0,1
8,3994,0,1
5,658,0,1
12,2821,0,0
16,33,0,0
12,1382,0,0
11,1195,1,1
11,752,1,0
7,906,0,0
18,2733,0,1
15,2156,1,1
6,3659,0,1
19,1785,0,1
12,1010,0,0
16,1072,0,0
9,2042,0,0
0,135,0,1
0,1066,0,1
7,2801,0,0
21,516,0,1
13,2820,0,0
12,3834,0,1
5,1721,0,1
17,1957,0,0
21,2363,0,1
17,1120,0,0
18,2726,0,1
21,964,0,1
17,1738,0,0
17,3792,0,1
2,3247,0,1
8,158,0,0
2,3961,0,0
0,276,0,1
14,1369,0,0
5,2112,0,1
22,2827,0,0
1,1450,0,1
7,3803,0,1
16,1123,0,0
7,2493,0,1
20,1858,0,0
19,1503,0,1
23,3288,0,1
23,859,0,1
22,3312,0,1
0,2652,0,1
23,3691,0,1
15,3804,0,1
23,3425,0,1
18,3530,0,1
4,2993,0,1
9,2721,0,0
17,426,1,0
15,3896,0,1
4,367,0,1
0,2090,0,1
5,516,0,1
2,1903,0,1
17,3989,0,1
7,3167,0,1
21,2604,1,1
5,3563,0,1
2,2524,1,1
7,687,0,0
21,1407,0,1
21,3319,1,1
22,2452,0,1
8,2515,0,0
2,625,0,1
0,1296,0,1
8,3007,0,1
1,2598,0,1
12,1228,0,0
0,3616,0,1
7,2972,0,0
23,1929,0,1
1,234,0,1
20,2534,0,1
17,312,1,0
23,717,0,1
3,736,0,1
5,3595,0,1
15,3007,1,0
1,511,0,1
6,3344,0,1
5,3300,1,1
17,3158,0,1
13,2177,0,0
11,3285,0,1
1,3158,0,1
4,805,1,1
20,1403,0,0
12,1935,0,0
2,3654,0,1
12,494,0,0
20,1962,0,1
17,3368,0,1
5,280,0,1
1,3791,0,1
8,4024,0,1
15,850,0,0
0,3939,1,1
4,549,1,1
5,3427,0,1
6,68,0,0
23,218,0,1
22,3609,1,1
14,4029,0,1
8,2612,0,0
8,134,0,0
14,2075,1,1
0,3762,0,1
22,1673,1,1
0,367,0,1
0,435,0,1
18,2800,1,1
21,104,1,1
23,3714,0,1
21,1552,0,1
17,3696,0,1
23,2918,0,1
6,3171,0,1
5,110,0,1
22,3469,0,1
16,3056,0,1
22,4011,0,1
4,676,1,1
23,3028,0,1
17,1761,0,0
6,886,0,0
5,173,1,1
6,3706,0,1
0,2550,0,1
21,1180,0,1
2,788,0,1
4,1836,1,0
4,1638,0,1
1,2805,0,1
18,2139,0,1
6,1013,0,0
9,1409,0,0
12,1934,0,0
6,1398,0,0
9,3311,0,1
23,2102,0,1
13,208,0,0
0,523,0,1
21,3942,0,1
3,1424,1,1
0,1932,0,1
1,113,0,1
23,4095,0,1
19,1691,0,1
19,160,0,1
2,3098,1,1
19,922,1,1
1,3875,0,1
23,789,0,1
6,2339,0,0
22,2659,0,1
21,4054,0,1
11,541,0,0
15,3270,1,1
9,3745,0,1
10,4008,0,1
7,1178,1,0
1,2319,0,1
21,1498,0,1
15,3490,0,1
21,2918,0,1
7,3142,0,1
17,4030,0,1
18,692,0,1
11,3568,0,1
2,1463,0,1
12,2183,1,1
16,3651,1,1
5,1534,0,1
14,373,0,0
13,4008,0,1
14,273,0,0
9,1564,0,0
18,602,0,1
15,961,0,0
2,2596,1,1
17,3582,0,1
7,147,0,0
22,2073,0,1
20,3791,0,1
0,1969,0,0
11,2569,0,0
5,1027,0,1
23,3336,0,1
23,618,0,1
22,1942,0,1
1,2725,1,1
12,1631,0,0
18,1540,0,1
19,1762,0,1
13,1871,0,0
4,1089,0,1
20,2194,0,1
15,2209,0,0
4,2747,0,1
23,3176,0,1
0,713,0,1
11,2412,0,0
13,1549,0,0
22,1487,0,1
12,1586,0,0
14,2208,0,0
22,2932,1,1
19,1177,1,1
5,3825,0,1
16,1779,0,0
12,1794,0,0
4,1407,0,1
11,1638,0,0
8,241,1,1
1,3213,1,1
7,2807,0,0
3,3323,1,1
16,755,0,0
18,1991,0,1
14,2878,0,0
7,2198,1,1
3,4085,0,1
10,2661,0,0
21,3791,0,1
6,3063,0,1
21,953,1,1
5,2000,0,1
8,578,0,0
20,3287,0,1
19,1472,0,1
2,1969,0,1
6,1584,0,1
3,2960,0,1
16,3142,0,1
21,745,0,1
19,3963,0,1
13,2927,0,0
2,2761,1,1
9,2001,0,0
1,3608,0,1
18,2342,0,1
22,332,0,1
12,2297,1,1
21,825,0,1
13,2478,0,0
12,1579,0,0
0,1080,0,1
19,3183,0,1
7,3708,1,1
9,3657,0,1
14,829,0,0
22,1771,0,1
16,1104,0,0
23,2096,0,1
8,3555,0,1
12,2287,1,1
14,3705,0,1
12,2753,0,0
19,2221,0,1
8,3234,0,1
6,943,0,0
7,2028,0,1
1,4051,0,1
2,3523,0,1
7,561,1,0
1,521,1,1
16,944,0,0
7,4024,0,1
18,3679,0,1
0,4045,0,1
21,2461,0,1
22,1714,0,1
9,2711,0,0
6,3384,0,1
2,130,0,0
15,2085,0,0
22,1263,1,1
21,2928,0,1
14,3008,0,1
17,321,1,0
7,2395,1,1
22,1400,0,1
11,840,0,0
1,694,0,1
17,1863,0,0
4,1626,0,1
2,1512,0,1
10,2332,1,1
19,2708,0,1
17,918,0,0
10,3254,0,1
18,164,0,1
7,3701,0,1
17,3489,0,1
21,3245,1,1
6,2740,1,1
18,3085,1,1
4,1667,0,1
14,2269,1,1
0,3029,0,1
19,368,1,1
21,1082,0,0
6,1196,0,0
7,585,0,0
9,534,1,0
21,2024,0,1
21,2532,1,1
9,111,0,0
2,774,0,1
14,2804,1,1
19,1434,0,1
6,3478,1,1
22,3904,0,1
17,3258,1,1
22,1761,0,1
6,2605,0,0
0,1466,0,1
4,3708,0,1
14,3100,1,1
22,2116,0,1
15,1677,0,0
12,833,0,0
7,2118,0,0
6,1148,0,0
3,1598,0,1
18,715,0,1
4,2980,1,1
21,27,0,1
16,2151,0,0
1,3841,0,1
7,4041,0,1
11,818,0,0
17,3994,0,1
15,3034,0,1
10,3699,0,1
21,4048,1,1
1,4013,0,1
22,107,0,1
7,3100,0,1
5,2859,0,1
14,2509,0,0
7,143,0,0
4,2962,0,0
8,188,1,0
22,3497,0,1
0,829,0,1
20,3437,0,1
12,1974,0,0
11,266,1,0
18,1342,0,1
9,4033,0,1
12,992,1,0
22,158,0,1
21,2276,0,1
4,2855,0,1
18,2430,1,1
13,3271,0,1
15,500,0,0
9,3777,0,1
13,2900,0,0
10,3120,0,1
9,3432,0,1
9,3195,0,1
1,2351,0,1
2,1951,0,1
8,62,0,0
2,427,0,1
14,3885,0,1
3,1256,0,1
13,1198,0,0
13,758,1,0
0,3469,0,1
1,1058,0,1
21,1455,0,1
9,2110,0,0
3,202,0,1
3,3024,1,1
17,2361,0,0
8,2006,0,1
21,1715,0,1
17,3687,0,1
20,2770,0,1
6,3658,1,1
10,1566,0,0
12,879,1,0
16,351,0,0
4,1087,1,1
5,596,1,1
17,1621,1,0
10,3877,1,1
6,3424,0,1
20,2866,0,1
9,137,0,0
14,3710,0,1
3,4018,0,1
5,292,1,1
5,1384,0,1
0,3515,0,1
14,169,0,0
19,2243,0,1
13,2973,0,0
8,480,0,0
20,2895,1,1
3,172,0,1
23,3865,0,1
19,2503,0,1
9,4001,1,1
7,926,1,0
13,1990,0,0
13,3511,0,1
0,114,0,1
23,3964,0,1
4,570,0,1
19,3210,0,1
4,336,0,1
15,1310,0,0
18,2125,1,1
3,652,0,1
7,1148,0,0
23,1798,0,1
4,3723,1,1
0,2498,0,1
4,3471,0,1
20,936,0,1
19,1938,0,1
16,3758,0,1
22,2028,1,1
10,501,0,0
22,616,0,0
9,2701,0,0
15,2247,0,0
4,2571,0,1
18,2004,1,1
17,2068,1,1
22,332,0,1
12,3901,0,1
10,3560,0,1
20,4035,0,1
2,1143,0,1
21,1797,0,1
2,289,0,1
21,1281,0,1
3,2155,0,1
17,2164,0,0
2,593,0,1
23,1845,1,1
4,670,1,1
2,2739,0,1
7,1731,1,0
11,3894,1,1
0,3433,0,1
13,1453,0,0
14,2623,0,0
0,609,0,1
19,1446,0,1
5,1362,0,1
16,1607,0,0
5,416,0,1
11,2803,0,1
22,1085,0,0
22,26,0,1
17,747,1,0
0,2212,0,0
5,1768,1,1
11,80,0,0
2,3485,0,1
1,3605,0,1
11,1034,0,0
7,3797,0,1
23,2798,0,1
2,2141,0,1
1,1946,0,1
19,2719,1,1
20,2180,0,1
9,3118,0,1
16,3142,0,1
11,662,1,0
11,3975,0,1
1,2928,0,1
15,2233,0,0
23,385,0,1
20,1189,0,1
19,3265,0,1
22,922,0,1
21,2231,1,1
17,2946,0,0
15,3446,0,1
12,3387,0,1
15,577,0,0
18,2366,0,1
23,3585,0,1
5,1224,0,1
12,3761,1,1
8,3459,0,1
12,673,0,0
7,873,0,0
12,145,0,0
5,4026,0,1
6,556,0,0
2,3820,0,1
20,997,0,0
3,2609,0,1
21,1864,0,1
23,2920,0,1
4,1168,1,1
0,2053,0,1
13,964,0,0
6,3431,0,1
19,2365,0,1
7,2530,0,0
12,952,1,0
9,2054,0,0
3,3658,0,1
12,769,0,0
3,1003,0,1
5,1939,0,1
1,1786,0,0
7,896,1,0
12,478,0,0
0,247,0,1
16,2397,0,0
22,2582,0,1
22,2219,0,1
12,1856,0,0
21,815,0,1
14,1637,0,0
13,2282,0,0
9,2255,0,0
21,2799,0,1
16,3945,0,1
14,546,0,0
3,1785,0,1
4,2203,0,1
5,2126,1,1
13,1612,0,0
9,403,0,0
12,3569,0,1
3,742,0,1
16,2764,0,1
6,802,0,0
9,2319,0,0
14,2830,0,0
2,786,0,1
15,1424,0,0
3,791,0,1
23,3774,0,1
0,1294,0,1
9,4061,0,1
0,293,1,1
0,1530,0,0
1,762,0,1
6,2481,0,0
16,409,1,0
3,4051,0,1
5,122,0,1
10,1781,0,0
17,2694,1,1
10,2556,0,0
10,1768,1,0
2,4073,1,1
1,3088,1,0
21,2258,0,1
18,1493,0,1
5,3078,0,1
4,1591,0,1
12,2339,0,0
2,3370,0,1
14,2074,0,0
17,1535,1,0
5,3153,0,1
20,1685,0,1
20,2757,1,1
8,3547,0,1
6,1626,1,0
1,2276,0,1
12,3591,0,1
13,3858,0,1
20,750,0,1
16,1203,0,0
20,3202,1,1
16,3532,1,1
23,540,0,1
9,543,0,0
17,3099,0,1
17,907,0,0
14,3707,0,1
6,2290,0,0
17,901,0,0
1,1504,1,1
17,2578,0,0
2,3376,1,1
20,3450,1,1
23,46,1,1
22,2039,0,1
6,2926,0,0
1,3199,1,1
20,1007,0,1
18,2254,0,1
15,207,1,0
20,3680,0,1
14,1383,0,0
9,2031,0,0
5,2929,0,1
17,1025,0,0
10,3035,1,1
22,1888,0,1
0,3924,0,1
3,130,0,1
17,85,0,0
4,1895,1,1
22,202,1,1
22,3950,0,1
6,2138,0,0
5,822,1,1
12,3580,0,1
15,843,0,0
13,1398,0,0
13,2859,1,1
9,414,0,0
2,2536,0,1
7,2689,0,0
8,460,0,0
12,992,1,0
22,3399,0,1
14,2004,0,0
22,1516,0,1
6,2054,0,0
6,2130,0,0
10,1925,0,0
14,2352,0,0
20,3205,0,1
8,3367,0,0
8,890,1,0
18,3716,1,1
14,3505,0,0
4,1434,0,1
21,3680,0,1
11,2266,0,0
5,2550,1,1
7,2504,0,0
9,869,1,0
9,2056,0,0
23,3856,1,1
19,328,0,1
19,3315,0,1
10,3649,0,1
20,882,0,1
13,704,0,0
1,1959,0,1
18,3339,0,1
4,2461,0,1
5,3210,0,1
20,3984,0,1
0,3249,0,1
14,2615,0,0
10,52,0,0
4,2285,0,1
21,4023,0,1
4,902,0,1
15,1160,0,1
16,300,1,0
1,3975,0,1
17,1393,0,0
23,2798,0,1
18,956,0,1
22,2726,1,1
16,1345,0,0
6,2981,0,0
12,849,0,0
22,739,0,1
19,3087,0,1
21,3361,0,1
20,2004,0,1
12,3347,1,1
7,259,1,0
21,3577,0,1
9,3770,0,1
2,2002,1,1
13,1094,0,0
12,3835,0,1
22,2803,1,1
11,3407,0,1
5,2354,0,1
14,2768,0,0
2,67,0,1
6,1488,0,0
22,3804,0,1
7,1763,1,0
8,491,0,0
16,975,0,0
19,4026,1,1
2,2840,0,1
1,3065,0,1
4,1264,0,1
15,905,0,0
18,579,1,1
9,1520,1,0
3,1716,0,1
12,3976,0,1
9,2936,1,1
17,208,0,0
13,3073,0,1
6,2089,0,0
2,257,1,1
15,3559,0,1
17,1148,0,1
11,1768,0,0
6,2572,0,0
5,2,0,1
11,3091,0,1
14,1231,0,0
10,3491,0,1
16,584,0,0
6,621,0,0
10,184,0,0
8,3502,1,1
19,456,0,1
6,689,1,0
14,1607,0,0
16,2576,1,1
3,1375,1,1
23,2774,1,1
18,1488,0,1
5,4028,0,1
22,2659,1,1
18,3144,0,1
17,3692,0,1
11,4015,0,1
1,2246,0,1
16,595,0,0
11,2771,1,1
6,957,0,0
13,359,1,1
3,945,0,1
14,167,0,0
22,3057,0,1
5,1460,0,1
23,617,0,1
8,2795,0,0
18,2743,1,1
18,2707,0,1
5,3280,0,1
22,1051,0,1
14,182,0,0
18,414,0,1
10,3186,0,1
11,1180,0,0
6,1321,0,0
11,2186,1,1
22,931,0,1
4,546,0,1
18,502,0,1
8,2544,0,0
11,3625,1,0
21,3813,0,1
8,2403,0,0
5,4005,0,1
22,2335,0,1
0,3121,0,1
2,1301,0,1
19,2191,1,1
6,2507,0,0
21,3959,0,1
18,2645,0,1
9,1301,0,0
18,3986,0,1
10,2759,0,0
17,733,0,0
23,3770,0,1
18,1355,0,1
21,3820,0,1
18,586,1,1
16,3364,0,1
23,983,0,1
23,2532,0,1
8,2749,0,0
13,1744,1,0
6,4094,0,1
3,508,1,1
12,1180,0,0
1,2518,0,1
10,1473,0,0
5,901,1,1
15,626,0,0
23,2475,0,1
11,1528,1,0
23,2607,0,1
17,2169,0,0
15,70,0,0
2,1844,0,1
19,1353,0,1
6,487,1,0
2,708,0,1
4,2488,0,1
18,1338,0,1
17,1293,0,0
20,1732,1,1
18,1978,0,1
13,401,1,0
2,300,1,0
14,2021,0,0
0,1995,0,1
14,1019,0,0
20,3934,1,1
1,3494,0,1
16,213,0,0
1,1800,0,1
17,1240,0,0
7,2890,1,1
1,505,0,1
4,110,0,1
3,1793,0,1
17,1367,0,1
16,1023,0,0
21,241,0,1
3,2794,1,1
1,3748,0,1
9,1407,1,0
14,3566,0,0
19,3910,0,1
2,2986,0,1
8,1256,0,0
19,4006,0,1
18,3191,0,1
3,2111,0,1
23,3433,0,1
12,739,0,0
17,3096,0,1
11,3577,0,1
18,2126,0,1
7,273,0,0
7,3762,0,1
19,1818,0,1
23,3423,0,1
8,2443,0,0
22,2447,0,1
17,1664,0,0
10,779,0,0
21,107,0,1
1,3403,0,1
11,1110,0,0
21,1235,0,1
13,3033,0,1
21,1983,0,1
1,310,1,1
4,2249,0,1
17,304,0,0
7,1308,0,0
16,83,0,0
23,1539,0,1
13,2277,0,1
0,292,0,1
6,906,1,0
15,3454,0,0
5,1527,0,1
11,437,0,1
1,1254,1,1
10,1515,0,0
23,495,1,1
0,2742,0,1
0,2315,1,1
18,2507,0,1
2,3533,1,1
12,3162,0,1
15,3300,0,1
21,1835,0,1
17,1075,0,0
22,1792,0,1
9,180,0,0
11,569,0,0
20,2929,0,1
0,108,0,1
12,2724,0,0
4,3918,1,1
10,752,1,0
21,1931,1,1
18,1299,0,1
1,1451,0,1
11,40,0,0
15,2199,0,0
5,3000,0,1
1,2948,0,1
5,3283,0,1
23,3380,0,1
10,3930,1,1
2,3067,0,1
21,977,1,1
15,884,0,0
4,95,0,1
2,4033,0,1
16,1997,1,0
23,1300,1,1
16,288,1,0
22,1703,0,1
9,1948,1,0
15,2820,0,0
5,2126,0,1
18,3999,1,1
23,851,0,1
9,3950,0,1
20,331,0,1
7,3615,0,1
3,3687,1,0
4,2641,0,1
20,162,0,1
13,585,1,0
6,1777,0,0
19,68,1,0
22,2891,0,1
8,930,0,1
10,102,0,0
19,1536,0,1
2,3062,0,1
8,760,0,0
7,3803,0,1
21,504,0,1
12,3067,1,1
13,3819,0,1
16,2010,0,0
23,1327,0,1
13,3290,0,1
5,2273,1,1
17,1442,0,0
15,4054,1,1
17,1402,0,0
22,1346,0,1
14,1093,0,0
19,1972,1,1
2,3148,1,1
3,2791,0,1
13,2161,0,0
13,790,0,0
20,1925,0,1
4,404,0,1
20,1625,1,1
21,2868,0,1
17,2186,1,0
20,429,0,1
7,348,0,0
10,1233,0,0
16,989,0,0
19,2564,0,1
13,3887,0,1
18,906,1,1
11,1281,0,0
11,3345,0,1
5,1932,1,1
9,2988,1,1
20,3078,0,1
6,150,0,0
3,714,0,1
4,3680,0,0
22,3030,0,0
0,3535,0,1
6,391,0,0
15,1760,0,0
8,3413,0,1
11,3779,0,1
2,3339,0,1
9,2512,0,0
23,1055,1,1
0,3751,0,1
12,3225,0,1
18,3689,0,1
15,3630,0,1
11,2958,0,0
6,412,0,0
13,564,1,0
8,1938,0,0
6,3999,1,1
6,637,0,0
2,2429,0,1
3,2482,0,1
13,3705,0,1
11,1127,1,0
21,152,1,1
5,1403,0,1
4,476,0,1
17,1534,1,0
7,1090,1,0
13,2937,0,0
12,2479,0,0
11,1378,0,0
13,2548,0,1
21,1453,0,1
14,4010,0,1
13,4081,0,1
6,2043,0,0
19,676,0,1
18,1266,1,1
13,2135,0,0
22,1761,1,1
12,1923,0,0
13,3049,0,1
11,3336,0,1
9,2087,0,0
4,2283,0,1
5,2016,0,1
11,1993,0,0
3,3289,0,1
0,949,0,1
3,2470,0,1
9,1083,0,0
1,4065,0,1
11,635,0,0
20,2353,0,1
4,3807,0,1
18,3296,0,1
12,1312,0,1
16,2921,0,0
10,3424,0,1
21,245,1,1
13,3051,1,1
20,2193,0,1
18,1917,0,1
17,1749,0,1
1,3898,0,1
12,2833,0,0
14,3561,0,1
19,2168,0,1
11,2434,0,0
10,2355,0,0
8,3955,1,1
4,2726,1,1
2,3498,0,1
20,583,0,1
5,3079,0,1
12,2355,0,0
3,1536,0,1
12,2211,0,0
2,3989,0,1
2,2815,0,1
5,3776,0,1
9,3161,0,1
15,511,0,0
20,2178,0,1
10,3641,0,1
14,2625,0,0
0,366,1,1
2,2634,0,1
10,1548,0,0
0,3677,1,1
1,1367,0,1
14,1938,0,0
3,3847,1,1
20,728,0,1
20,1933,0,1
14,2789,0,0
23,101,0,1
12,2114,0,0
2,1153,0,1
5,3911,0,1
1,2543,0,1
7,1437,0,0
16,3694,0,1
14,1786,1,0
15,1025,0,0
15,1838,0,0
12,2648,0,0
13,136,0,0
2,1971,0,1
4,3726,0,1
4,3991,0,1
8,3149,0,1
13,3509,0,1
21,933,1,1
1,1006,0,1
2,2384,1,1
17,431,0,0
11,1515,0,0
11,1255,0,1
6,868,0,1
14,3552,1,1
1,1047,0,1
1,1538,0,0
20,3010,0,1
20,995,0,1
1,2520,0,1
20,1059,0,1
1,2783,1,1
12,1144,1,0
18,1602,0,1
12,1907,0,0
21,2935,0,1
22,251,0,0
3,497,0,1
16,1131,0,0
15,2471,0,0
19,121,0,1
15,1481,0,0
21,1637,0,1
9,384,0,0
5,1135,0,1
13,1944,0,0
7,1713,0,0
17,1929,0,0
0,2824,0,1
18,2359,0,1
8,3178,0,1
6,1081,0,0
16,3295,0,1
18,679,0,1
17,3011,0,1
16,1922,0,0
2,3482,0,1
19,965,1,1
17,85,0,0
0,1739,0,1
21,2502,0,1
11,1206,1,0
19,441,0,1
12,1955,0,0
7,1090,0,0
5,734,0,1
0,1798,1,1
4,2770,0,1
17,1888,0,0
8,2755,0,0
22,2889,0,1
2,3590,0,1
14,355,0,1
20,2732,0,1
6,3565,1,1
17,4070,0,1
12,650,0,0
16,296,0,0
7,3236,0,1
16,2704,0,0
19,450,0,1
4,2444,0,1
13,3394,0,1
20,3893,1,1
0,3,0,1
23,2383,1,1
14,2412,0,0
23,577,0,1
13,1501,0,0
7,2998,0,0
1,193,0,1
13,782,0,0
18,587,0,1
7,2043,0,1
7,2872,0,0
23,452,0,1
23,1828,0,1
0,1269,0,1
5,3769,1,1
4,3684,0,1
11,3517,0,1
2,3727,1,1
19,564,0,1
19,2503,0,1
21,3277,0,1
15,3684,0,1
14,1943,0,0
7,2558,0,0
3,1065,0,1
4,3233,0,1
18,1124,0,1
2,67,1,1
11,648,0,0
1,1894,0,1
16,1345,0,0
13,3531,1,1
4,1095,1,1
3,1507,0,1
12,2044,0,0
2,2906,0,1
15,2256,1,1
17,3172,0,1
23,2495,0,1
13,3033,0,1
13,2920,0,0
6,816,0,0
7,3785,0,1
15,3400,0,1
4,815,0,1
21,1168,1,1
7,1901,0,0
18,698,0,1
14,2290,0,0
2,950,0,1
13,755,0,0
1,2597,0,1
5,806,1,1
1,2941,1,1
22,3739,1,1
9,3531,0,1
7,2297,0,0
3,1320,0,1
17,2025,0,1
13,2425,0,0
23,599,0,1
6,1787,0,0
8,3534,0,1
22,796,1,1
3,3,1,1
18,3105,0,1
13,952,0,0
6,3072,0,1
11,3039,0,1
20,2369,0,1
9,1245,0,0
15,1612,0,0
8,690,1,0
6,2640,0,0
0,170,1,1
22,763,1,1
16,2045,0,1
21,1314,1,1
5,893,0,1
22,2636,0,1
3,1637,0,1
12,1303,0,0
21,1013,0,1
6,3521,1,1
15,327,0,0
8,2613,0,1
6,3060,0,1
2,41,0,1
13,2412,0,0
13,850,1,0
18,3549,0,1
12,2668,0,0
1,2053,0,1
6,446,0,0
22,1776,0,1
21,3441,0,1
17,805,0,0
0,2388,0,1
0,2788,0,1
0,2974,1,1
8,1550,0,0
3,2911,0,1
11,3231,0,1
17,3616,1,1
16,3441,0,1
9,334,0,0
15,3612,0,1
1,324,0,1
0,87,0,1
1,2416,0,1
21,1454,0,1
20,1287,0,1
18,2115,0,1
21,4091,0,1
6,943,1,0
23,1100,0,1
23,1903,1,1
9,2726,0,0
7,3864,1,1
6,676,0,0
0,240,0,1
13,3560,1,1
11,3142,0,1
19,2377,0,1
12,2319,0,0
23,2451,0,1
15,2577,1,1
19,3034,0,1
17,1362,0,0
0,382,0,1
20,4043,1,1
15,3652,0,1
12,2027,0,0
14,1823,0,0
10,2066,0,0
3,1623,0,1
4,1080,0,1
23,3632,0,1
4,1379,1,1
2,3120,0,1
10,1653,0,0
10,1418,0,0
1,369,0,1
6,2574,0,0
17,1751,0,0
22,1849,0,1
6,2698,1,1
20,1221,0,1
17,1792,1,0
1,44,0,1
2,3114,0,1
0,1408,0,1
2,2152,0,1
16,326,0,0
3,3585,0,1
14,233,0,0
14,3261,0,1
11,2992,0,0
2,2493,0,1
9,952,0,0
3,1948,0,1
6,1569,0,0
2,1133,0,1
16,2188,0,0
6,1722,0,0
8,2971,0,0
19,27,0,1
8,3572,0,1
18,1710,1,1
1,2549,1,1
15,113,0,1
0,3988,1,1
1,3634,1,1
8,1061,1,0
18,393,0,1
0,2449,0,1
15,2330,0,0
5,2650,0,1
2,1294,0,1
11,2944,1,1
13,1723,1,0
6,1922,0,0
20,1402,1,1
0,4055,1,1
4,2946,0,1
9,3707,0,0
7,2149,0,0
7,3676,0,1
7,595,0,0
13,2296,0,0
13,970,1,0
1,3308,0,1
19,2468,1,1
20,2027,0,1
23,1134,0,1
23,3307,0,1
20,3035,0,1
16,985,0,0
1,2210,0,1
13,3476,1,1
18,823,1,1
15,23,0,0
8,791,0,0
19,3023,0,0
3,2005,0,1
2,1493,0,1
16,956,0,0
7,496,1,0
2,3993,0,1
22,619,1,1
15,923,0,0
10,3380,0,0
21,1064,0,1
13,750,0,0
16,3874,1,1
19,3268,0,1
2,3407,0,1
5,2721,1,1
19,411,0,1
2,3542,0,0
8,159,1,0
12,3074,0,1
20,1659,1,0
14,3328,0,1
10,456,0,0
8,2393,0,0
23,172,0,1
2,3446,1,1
14,1314,0,0
9,927,0,0
0,1172,0,1
17,3270,0,1
11,3444,0,1
11,3226,1,1
21,2555,0,1
1,3244,0,1
5,2147,0,1
7,3379,0,1
9,387,1,0
23,3264,0,1
10,4069,0,1
3,3152,0,1
6,721,0,0
20,593,0,1
4,599,0,1
2,2227,0,1
8,3525,0,1
13,1874,0,0
18,225,0,1
23,1178,0,1
13,105,0,0
4,3707,0,1
1,2013,0,1
14,2361,0,0
23,1664,0,1
15,1752,1,1
13,1254,0,0
18,2452,1,1
18,247,1,1
0,1443,0,1
18,42,0,1
21,518,0,1
2,3465,0,1
11,1515,0,0
4,1515,0,1
4,3838,0,0
19,1756,1,1
4,3900,0,0
5,3713,1,1
9,2403,0,0
14,3518,1,0
21,2540,0,1
16,3384,0,1
9,2304,0,0
21,4082,0,1
6,3417,0,1
19,500,0,1
2,373,1,1
23,3377,1,1
11,334,0,0
23,1013,0,1
2,2236,0,1
5,1467,0,1
17,447,0,0
1,3682,0,1
17,655,0,0
0,2484,0,1
15,1273,0,0
20,747,0,1
4,344,0,1
4,3562,0,1
19,2746,0,1
4,1197,0,1
4,161,0,1
19,2394,1,1
15,59,0,0
3,1153,0,1
5,2923,1,1
8,643,1,1
0,410,0,1
9,385,0,0
4,441,0,1
19,3924,1,1
5,587,0,1
11,3059,0,1
12,2551,0,0
14,3137,0,1
4,921,0,1
13,1102,0,0
18,3353,0,1
21,1394,0,1
0,1663,0,1
23,830,0,1
6,1283,0,0
2,1294,0,1
9,2892,0,0
8,45,0,0
17,1971,0,0
1,3132,0,1
0,851,0,1
1,2416,1,1
19,2233,0,1
0,2637,0,1
1,3997,0,1
15,629,0,0
17,1372,0,0
1,3482,0,1
9,2987,0,0
23,3115,0,0
9,1196,0,0
3,37,0,1
0,3801,0,1
12,2546,1,1
20,89,1,1
8,1112,0,0
19,1438,0,1
18,2857,0,1
0,3537,0,1
11,2041,0,0
19,1199,0,1
22,960,0,1
21,1868,0,1
8,867,0,0
18,3117,0,1
19,3958,0,1
8,458,1,0
20,3570,0,1
21,3823,0,1
3,3858,1,1
4,1814,0,0
9,1094,0,0
10,397,0,0
23,2485,0,1
3,149,0,1
19,3886,0,1
19,2409,0,1
0,3673,0,1
3,3486,0,0
12,2731,1,1
0,3931,0,1
18,54,0,1
7,2997,0,0
3,2515,0,1
16,2647,0,0
3,3533,0,1
14,3849,0,0
4,2820,0,1
19,959,0,1
20,2939,1,0
8,3388,0,1
12,3024,0,1
15,1362,0,0
9,2236,0,0
7,1710,1,0
20,1917,0,1
20,3494,0,1
9,2642,1,1
22,3713,0,1
17,4090,0,1
20,1379,0,1
19,1586,1,1
18,3265,1,1
0,3164,0,1
14,81,0,1
1,2186,0,1
1,2305,0,1
1,3514,1,1
6,1742,1,0
18,737,0,1
7,2584,0,0
23,1531,0,1
19,3824,0,1
16,1174,0,0
4,1218,0,1
6,1699,1,0
20,4046,1,1
1,2603,1,1
14,597,0,0
9,965,0,0
23,2168,0,1
17,633,0,0
4,3792,0,1
17,1576,0,0
16,1764,0,0
12,2669,1,1
17,1347,0,0
8,2221,0,0
12,2595,0,0
22,1981,0,1
8,229,0,0
5,510,1,1
2,309,0,0
14,866,0,0
23,46,0,1
2,2788,0,1
22,1101,0,1
18,484,0,1
18,2447,0,1
8,764,0,0
11,4003,0,1
15,1476,0,0
11,3269,0,0
11,65,0,0
8,1954,0,0
3,2554,0,1
14,1299,1,0
10,317,0,0
2,3606,0,1
6,893,0,0
18,3812,0,1
17,429,0,0
17,3939,0,1
23,994,0,1
10,2102,1,1
21,602,0,1
11,3808,0,1
6,3698,1,1
9,1694,1,0
13,3823,0,1
7,287,0,0
15,3283,0,1
19,3460,0,1
11,182,1,0
17,1085,1,0
6,728,0,0
7,773,0,0
6,130,0,0
9,2936,0,0
20,30,0,1
10,701,0,0
5,2520,0,1
4,3723,0,1
11,876,0,0
7,3764,1,1
16,467,0,0
12,3237,0,1
2,3701,0,1
1,1254,0,1
7,2512,0,0
12,2249,1,1
19,1409,0,1
8,3812,0,1
17,2152,0,0
4,3819,0,1
5,1915,0,1
21,2306,0,1
15,111,0,0
9,2329,1,1
2,1718,0,1
8,1001,1,0
0,1859,1,1
20,221,0,1
13,445,0,0
20,1134,0,1
8,68,0,0
19,3902,0,1
17,1240,0,0
22,387,0,1
1,2197,0,1
4,1181,0,1
20,3373,0,1
3,954,1,1
19,3233,0,1
23,2310,0,1
0,3054,0,1
9,3918,0,1
11,3938,0,1
23,158,1,1
19,2582,1,1
16,3902,0,1
22,3324,0,1
11,905,0,0
1,3605,0,1
21,3078,1,1
10,1620,0,0
4,304,0,1
12,3954,0,1
4,333,0,1
9,380,0,0
23,3883,0,1
13,3698,0,1
8,829,0,0
13,826,0,1
18,1922,0,1
20,100,0,1
6,306,0,0
23,2432,0,1
14,1608,1,0
0,640,1,1
23,2961,0,1
21,743,1,1
16,2374,1,1
15,92,0,0
21,716,0,1
4,1982,0,1
18,1244,0,1
7,353,0,0
11,2103,0,0
13,1103,0,0
11,92,0,0
20,2031,0,1
8,184,0,0
11,514,0,0
7,3195,0,1
15,1442,0,0
9,1315,0,0
7,3208,0,1
14,768,0,0
3,981,0,1
8,3892,0,1
0,2960,0,1
5,1020,0,1
17,1696,0,0
4,1671,0,1
22,2215,0,1
18,3454,0,1
2,538,0,1
22,1202,0,1
16,341,0,0
11,764,0,0
16,1662,0,0
2,2567,0,1
1,447,0,1
23,428,0,1
21,795,1,0
12,2916,0,0
18,3965,0,1
8,2428,0,0
6,1688,0,0
11,892,0,0
5,557,0,1
18,1770,0,1
14,1942,0,0
4,2803,0,1
4,2128,1,1
11,2125,0,0
16,3977,0,1
10,3125,0,1
2,1671,0,1
14,2815,1,1
18,852,0,1
16,3058,0,1
0,2989,0,1
10,2722,0,0
23,3957,0,1
19,3036,0,1
11,817,0,0
22,2219,0,1
1,182,1,1
4,1412,0,1
15,1603,0,0
20,3941,0,1
13,2974,0,0
7,1854,0,0
9,1517,0,0
12,2891,0,0
11,1054,1,0
6,2924,0,0
0,1236,0,1
16,3829,0,1
8,1146,1,0
7,1407,0,0
22,3854,1,1
11,1400,0,0
8,948,0,0
7,4053,0,1
22,1424,0,1
10,494,0,0
21,1595,0,1
13,972,0,0
9,1017,0,0
6,977,0,0
19,111,0,0
5,2785,0,1
16,2937,0,0
22,1525,0,1
7,3309,0,0
3,1454,0,1
20,1939,0,1
2,3572,0,1
0,3162,0,1
17,2525,0,0
5,556,1,1
11,1301,0,0
12,1553,0,0
21,2977,0,1
23,3029,1,1
14,1192,0,0
10,1922,0,0
2,981,1,1
1,298,1,1
8,1668,0,0
18,2581,1,1
12,1577,0,1
4,1322,0,1
3,3618,1,1
4,2705,0,1
0,2184,0,1
4,916,0,1
9,3934,0,1
2,588,1,1
7,4069,1,1
5,1311,0,1
8,1168,0,0
12,1366,0,0
2,917,1,0
16,611,1,0
8,3034,0,1
0,2376,1,1
2,3230,0,1
17,3288,0,1
19,2458,1,1
21,1968,0,1
21,3415,1,1
14,416,0,0
3,3490,0,1
14,891,1,0
22,984,0,1
11,2804,0,0
2,2141,0,1
9,2898,1,1
10,2655,1,1
6,165,1,0
11,1836,1,0
13,2538,0,0
14,2284,0,0
19,1088,0,1
3,685,0,1
19,2829,0,1
4,4068,0,1
6,775,0,0
19,2890,0,1
9,2376,1,1
21,335,0,1
4,3076,1,1
17,2608,0,0
19,2074,0,1
22,2480,0,1
5,3588,1,1
4,665,1,1
2,1918,0,1
11,686,0,0
6,519,0,0
11,3265,1,1
6,2297,0,0
11,792,1,0
1,702,0,1
22,1699,0,1
15,1860,0,0
7,3553,1,1
15,3232,0,1
2,2610,0,1
22,958,0,1
23,4055,0,1
12,2356,0,0
8,3295,0,1
1,2623,1,1
2,3951,0,1
3,656,0,1
17,3482,0,1
14,192,0,0
11,560,0,0
6,47,0,0
22,2004,1,0
20,2297,1,1
14,1147,0,0
19,1066,0,1
22,2897,1,1
20,1385,0,1
5,3939,0,1
9,676,0,0
6,1645,1,0
0,3808,0,1
12,145,0,0
15,3080,0,1
22,463,0,1
3,2529,0,1
15,1448,0,0
13,204,1,0
14,2844,0,0
3,3901,0,1
10,540,0,0
8,2442,0,0
5,1533,0,1
11,4076,0,0
11,3039,0,1
8,655,0,0
2,3408,0,1
17,721,0,0
1,1232,0,1
11,3594,0,1
12,2522,0,0
7,338,0,0
8,3128,1,1
15,3181,0,1
8,190,0,0
13,2237,1,1
8,1182,0,0
23,1803,0,1
8,2206,0,0
16,3485,0,1
15,65,0,0
22,2150,0,0
0,1703,0,1
17,1927,1,0
7,2883,0,0
1,3208,1,1
12,216,0,0
21,3142,0,1
18,4051,0,1
17,355,0,0
17,2987,1,1
22,2152,0,1
2,2358,0,1
21,864,0,1
22,741,0,0
0,232,0,1
12,212,0,0
7,3301,0,1
3,1527,0,1
6,3613,0,0
1,2463,0,1
11,3838,0,0
16,1987,0,0
16,136,0,0
7,2102,0,0
23,3562,1,1
14,3007,0,1
21,3663,0,1
7,2460,1,1
15,880,0,0
12,2531,0,0
11,2965,1,1
23,781,0,1
15,3503,0,1
21,1844,0,1
5,3481,0,1
18,3144,0,1
9,2954,0,0
5,1352,0,1
2,2640,0,1
6,1151,1,0
10,336,1,0
11,1826,1,0
10,2824,0,0
1,2089,0,1
8,1659,0,0
4,2702,0,1
13,142,0,0
3,3610,0,1
9,3577,0,1
0,2014,0,1
12,2766,0,0
18,1426,1,1
10,1585,0,0
18,1636,0,0
13,1823,1,0
8,1910,0,0
3,2361,0,1
0,45,0,1
17,2200,0,0
8,3973,0,1
10,212,0,0
6,2434,0,0
2,4080,0,1
12,464,0,0
14,1274,0,0
19,2278,1,1
20,3455,0,1
17,2748,0,0
4,2065,0,0
19,3105,0,1
22,3952,0,0
7,3350,0,1
14,1914,1,0
20,4050,0,1
14,4050,0,1
22,2976,0,1
12,2358,0,0
11,815,0,0
13,2228,0,0
16,1205,0,0
17,682,0,0
17,3628,1,1
18,2477,0,1
1,2554,0,1
19,3283,0,1
18,2830,0,1
18,1112,0,1
1,3752,1,1
17,1347,0,0
7,4006,0,1
1,286,1,1
7,3816,0,1
12,1465,0,0
22,3457,0,1
11,3994,0,1
15,1923,0,0
19,2109,0,1
3,96,0,1
9,1095,0,0
4,3783,0,1
10,1692,0,0
15,18,0,0
23,2937,0,1
13,3560,0,1
6,3833,0,1
14,371,0,0
12,1913,0,0
15,2329,1,1
17,1547,0,0
9,2808,0,0
19,2247,0,1
20,2236,1,1
7,2331,0,0
9,3115,0,1
0,1640,0,1
13,3855,0,1
4,2475,0,1
5,778,1,1
1,1337,1,0
2,3394,0,1
11,1835,0,0
7,3978,0,1
15,262,0,0
18,3154,0,1
18,394,0,1
23,1808,0,1
23,3517,0,1
7,207,0,0
9,3315,0,1
6,1129,0,0
17,658,0,0
9,225,1,0
18,144,0,1
15,974,1,0
22,3063,0,1
7,2213,0,0
3,2071,0,1
15,1868,0,0
1,4043,1,0
7,680,0,0
20,4026,0,1
20,2536,0,1
12,3850,0,1
23,38,0,1
15,2023,1,1
21,3458,1,1
13,3853,0,1
16,874,1,0
13,1087,0,0
6,2409,0,1
19,3575,0,1
10,3933,0,1
18,2769,0,1
21,288,0,1
0,1357,1,1
13,846,0,0
19,2748,0,1
0,2261,0,1
23,2235,0,1
23,83,0,1
2,2722,1,1
17,3578,1,1
8,1097,0,0
14,71,0,0
19,1529,1,1
21,4021,1,1
23,400,0,1
6,2678,1,1
7,1948,0,0
13,4051,0,1
6,2853,0,0
10,1381,1,0
7,319,0,0
18,3449,0,1
7,3778,0,1
15,3727,0,0
19,3331,1,1
15,3218,1,1
6,1853,0,0
20,879,0,1
17,625,1,0
16,3762,0,1
19,1820,0,1
20,1667,0,1
17,4078,1,1
15,2944,0,0
15,3071,0,1
1,2232,1,1
20,4080,0,1
13,3883,0,1
20,717,0,1
7,2454,0,0
16,1193,0,0
20,3208,0,1
9,1139,0,1
17,1109,0,0
14,3154,0,1
20,866,0,1
10,3323,1,1
2,2300,1,1
3,2290,0,1
22,521,0,1
17,1342,0,0
14,3544,0,1
8,1340,0,0
6,1666,0,0
2,1152,0,1
22,1443,0,1
19,3128,0,1
23,3029,0,1
10,832,0,0
1,2396,0,1
2,2235,0,1
16,2555,0,0
1,4007,0,1
2,69,0,1
20,3861,1,1
4,3581,0,1
21,3915,0,1
7,2511,0,0
21,1594,0,1
1,2391,1,1
14,25,1,0
2,1132,0,1
10,2932,1,1
19,2100,0,1
10,1898,0,0
22,894,0,1
18,971,0,1
18,2138,0,1
14,3177,0,1
22,1856,0,1
22,1373,0,1
11,2308,1,1
23,798,0,1
2,3199,0,0
20,3976,0,1
11,393,1,0
11,1015,0,0
1,3479,0,1
17,2215,1,0
7,3458,0,1
16,653,0,0
9,3409,0,1
6,1279,1,0
18,2308,0,1
13,1837,1,0
21,2617,1,1
14,3600,0,1
20,3385,0,1
3,3396,1,1
10,2818,0,0
13,1417,0,0
22,2626,0,0
2,3425,0,1
19,458,0,1
6,2590,0,0
21,2792,0,1
10,3557,0,1
6,738,1,0
4,1292,0,1
17,650,0,0
15,3627,0,1
19,3508,0,1
7,3398,0,1
0,3517,0,1
3,2081,0,1
20,477,0,1
17,1995,0,0
5,105,0,1
5,827,0,1
9,1299,1,0
3,3089,0,1
8,2775,0,0
3,2637,1,1
19,23,0,1
10,3123,0,1
8,2480,0,0
20,365,0,0
22,2647,0,1
9,2660,0,0
19,814,0,1
22,467,0,1
4,543,0,1
2,4031,0,1
6,768,0,1
16,1672,1,1
11,437,0,0
7,905,1,0
2,1220,0,1
0,941,0,1
11,2380,0,0
6,2704,0,0
7,3775,0,1
7,380,0,0
22,3251,0,1
20,122,0,1
16,2070,0,0
6,3397,0,1
19,2835,0,1
1,2145,0,0
16,2059,0,0
7,337,0,0
4,3228,0,1
13,2253,0,0
5,2336,0,1
10,2289,0,0
0,3654,0,1
8,914,0,0
19,1666,1,0
17,3855,0,1
5,3356,0,1
6,126,0,0
3,3769,0,1
16,240,0,0
4,3085,1,1
15,1596,0,0
14,591,0,0
4,3263,0,1
23,1412,0,1
6,25,1,0
14,1480,0,0
20,2964,0,1
21,730,0,1
0,2637,1,1
16,2073,0,0
23,3918,0,1
3,1925,0,1
13,2219,0,0
7,1121,1,0
17,1916,0,0
18,1564,0,1
18,565,0,1
0,2689,0,1
20,3644,1,0
11,586,0,0
1,1096,0,0
4,234,0,1
5,3741,1,1
18,1868,0,1
13,3204,0,1
2,3563,1,1
20,2812,0,1
16,3873,0,1
0,872,0,0
6,1362,0,0
4,2007,0,1
20,1263,0,1
13,184,0,0
15,2473,0,0
8,3997,0,1
22,2870,1,1
20,2597,0,1
21,3217,1,1
10,2626,0,0
0,54,1,0
22,812,0,1
21,265,1,1
3,2559,0,1
0,422,0,1
14,2433,0,0
7,2658,0,0
5,13,0,1
19,3232,0,0
4,164,0,1
22,3423,0,1
17,1599,1,0
1,1461,0,1
18,2583,1,1
14,567,0,0
16,462,1,0
8,3499,0,1
17,952,0,0
2,2163,0,1
11,3798,0,1
12,1493,0,1
15,3079,0,1
5,2908,0,1
15,40,0,0
6,3791,0,1
15,3673,0,1
15,1250,1,0
6,1038,0,0
12,1083,0,0
23,3914,0,1
6,3848,0,1
4,197,0,1
16,3981,0,1
4,2335,0,1
14,177,0,0
9,1709,0,0
13,1750,0,0
12,3285,0,1
4,2496,0,1
11,2357,0,0
23,3250,1,1
19,532,0,1
8,3477,0,1
3,3788,0,1
0,694,1,1
19,204,0,1
0,363,0,1
21,3056,0,1
12,1613,0,1
5,2212,0,1
3,1328,1,1
19,265,0,1
9,2576,0,0
23,3496,0,1
8,2591,1,1
21,942,0,1
22,57,0,1
5,2365,0,1
22,2778,0,1
13,2606,0,1
12,1628,1,0
7,337,0,0
0,1429,1,1
12,1322,0,0
1,230,0,1
11,851,0,0
6,1457,1,0
13,1653,0,0
22,4015,1,1
2,409,0,1
5,3891,0,1
4,1040,0,1
21,149,0,1
23,2597,0,1
9,2829,0,0
16,3113,1,1
9,3088,0,1
0,2350,0,1
2,3949,1,1
8,1186,0,0
20,2591,1,1
2,2432,0,1
1,777,1,1
14,3423,0,1
12,2710,0,0
15,3592,1,1
17,146,0,0
13,3155,0,1
22,3002,0,1
9,1356,1,0
20,440,0,1
10,2152,0,0
23,2289,1,1
1,3199,0,1
3,653,0,1
6,2692,0,0
13,2425,0,0
8,1326,0,0
16,3058,0,1
19,220,0,1
5,186,0,1
4,1965,0,1
3,3681,0,1
1,133,0,1
3,598,0,1
6,1097,0,0
10,328,1,0
22,3488,0,1
19,2667,0,1
15,2648,0,0
6,460,0,0
2,2483,0,1
23,3973,0,1
11,2023,0,0
17,938,1,0
22,3461,0,1
9,3946,1,1
0,1389,0,1
10,240,0,0
1,70,1,1
12,1659,0,0
16,1646,0,0
12,593,0,0
17,2240,0,0
1,1478,1,1
14,1952,1,0
13,1545,0,0
12,1966,0,0
10,2844,0,0
13,151,0,0
16,3492,0,1
0,1263,1,1
10,4068,0,1
9,2787,1,1
4,107,0,1
17,1141,0,0
14,2033,0,0
7,202,0,0
18,1468,0,1
11,3341,0,1
5,1545,0,1
15,841,0,0
2,445,0,1
6,2887,0,0
13,1391,0,0
14,1302,1,0
13,2662,0,0
15,265,0,0
14,853,0,0
11,3081,0,1
17,4026,0,1
20,20,0,1
12,3823,0,1
7,3498,0,1
6,2079,0,0
0,3673,1,1
9,3062,0,1
17,124,0,0
1,2259,0,1
21,2182,0,1
22,651,0,1
0,2699,0,1
15,3884,0,1
0,2301,0,1
6,1228,0,0
20,2807,0,1
14,1937,0,0
14,477,1,0
16,2417,0,0
19,712,0,1
22,785,0,1
23,247,0,1
1,1594,0,1
9,1742,0,0
0,1856,0,1
20,2868,0,0
22,589,0,1
22,828,0,1
8,2975,1,1
4,3549,1,1
4,4011,1,1
19,1375,0,1
8,3564,0,1
2,3998,0,1
18,1634,0,1
0,3568,0,1
4,3667,0,0
1,2380,0,1
18,2805,0,1
13,1451,0,0
10,2739,1,1
0,4038,0,1
23,2660,0,1
7,2149,0,0
12,1747,1,0
12,3931,0,1
19,2111,0,1
7,1475,0,0
9,3077,0,1
9,2025,1,1
6,1749,0,0
14,1125,0,0
10,2941,0,0
17,3409,1,1
2,1173,0,1
14,2260,0,0
8,3036,0,1
14,198,0,0
23,2525,0,1
12,2169,1,1
22,558,0,1
16,2763,0,0
0,2937,0,1
16,516,0,0
0,3754,0,1
18,1180,0,1
14,1121,0,0
17,2614,0,0
14,1813,1,0
11,1691,0,0
1,1181,0,1
1,951,0,1
21,2292,1,1
1,3141,0,0
1,1701,1,1
3,2875,0,1
17,556,0,0
19,728,0,1
13,3740,0,1
11,220,1,0
23,827,0,1
0,3019,0,1
1,2288,1,1
21,1351,0,1
18,2940,0,1
16,1714,0,0
12,686,0,0
15,2985,0,0
8,1839,0,0
14,3472,1,1
17,2419,0,0
8,2544,0,0
6,3031,0,1
23,2124,0,1
17,2877,0,0
13,3729,0,1
14,398,0,0
15,2309,0,0
11,109,0,0
3,2999,0,1
14,3054,0,1
11,2579,1,1
5,3023,0,1
18,1113,0,1
18,1240,0,1
18,2979,1,1
14,3566,1,1
1,2120,0,1
12,5,1,0
22,3598,0,1
20,3855,0,1
5,815,0,1
4,1548,0,1
3,2124,0,1
19,2791,0,1
14,153,1,1
19,1175,0,1
18,1078,0,1
23,749,1,1
6,612,1,0
16,2936,0,0
22,993,1,1
1,2016,0,1
6,2566,0,0
14,3651,1,1
6,3315,0,1
13,2984,0,0
20,25,0,1
7,2267,1,1
22,3094,0,1
2,1474,0,1
11,583,0,0
18,1880,0,1
23,1882,1,1
21,467,0,1
11,1159,0,0
2,3697,1,1
18,2946,0,0
16,3016,0,1
17,200,0,0
18,1251,1,1
8,256,1,0
15,1652,0,0
6,2969,1,1
5,1481,0,1
8,3394,1,1
14,1536,0,0
18,1532,0,1
13,576,1,0
20,2994,1,1
12,1026,0,0
17,2867,0,0
3,365,1,1
3,3562,0,0
17,1696,0,0
11,2646,1,1
12,3641,0,1
20,315,0,1
23,362,0,1
15,1438,1,0
11,4018,0,1
20,3727,1,1
10,2390,0,0
1,639,0,1
13,1882,1,0
5,1070,0,0
11,3248,0,1
2,1881,1,1
9,2477,1,1
18,971,0,1
22,1653,1,1
17,3503,1,1
5,1537,1,0
19,1585,0,1
0,245,0,1
15,576,0,0
14,1538,0,0
3,1572,0,1
19,3593,0,1
21,1959,1,1
6,1483,0,0
10,809,0,0
12,4009,0,1
5,3980,0,1
22,1064,0,1
17,1521,0,0
17,1175,0,0
22,1532,0,1
1,2787,0,1
4,3985,0,1
1,3800,0,1
0,2653,0,1
0,163,0,1
17,1448,0,0
20,2292,0,1
20,1688,1,1
19,3647,0,1
3,3740,0,1
18,1896,0,1
16,2318,0,0
16,451,0,0
13,3065,0,1
21,2414,0,0
11,2732,0,0
17,569,1,0
11,423,0,0
19,989,0,0
21,2566,0,1
9,2438,0,1
13,3090,0,1
17,1339,0,0
12,2547,0,0
15,3312,0,1
3,1844,0,1
15,945,0,0
17,1132,1,0
7,788,0,0
8,2162,0,0
4,3087,0,1
17,1333,0,0
12,1995,1,0
10,160,1,0
4,2545,0,1
5,1516,0,1
9,1173,0,0
0,1221,1,1
20,1697,0,1
5,2784,0,1
10,2474,0,0
19,2280,0,1
5,1659,1,1
12,4095,0,1
23,2971,0,1
10,2272,0,0
5,1538,0,1
15,1805,1,0
8,1319,0,0
1,696,0,0
0,2095,0,1
23,3130,0,1
14,3149,0,1
13,3786,0,1
8,16,0,0
5,1161,0,1
20,3673,0,1
3,2295,1,1
8,3764,0,1
8,444,1,0
17,2558,0,0
16,96,1,0
2,871,0,1
17,3780,0,1
19,2276,0,0
17,1933,0,0
1,1830,1,1
15,2812,1,1
4,3319,1,1
13,413,0,0
7,699,0,0
5,1061,0,1
16,3774,1,1
8,3619,0,1
5,1274,1,1
7,291,0,0
2,3370,0,1
2,524,0,1
4,2413,0,1
7,1637,0,0
21,2579,0,1
17,825,0,0
10,3298,0,1
19,991,0,1
2,490,0,1
12,880,0,0
18,19,1,1
19,2828,0,1
11,1697,0,0
12,133,0,0
13,1262,0,0
13,2395,0,0
9,3912,0,1
10,1856,0,0
19,250,1,1
12,2737,0,0
22,3488,0,1
5,3740,0,1
12,3152,0,1
6,1190,0,0
22,1112,0,1
8,3609,1,1
4,116,1,1
17,3745,0,0
10,2221,0,0
7,1299,0,0
3,2423,1,1
0,3379,0,1
0,3034,1,1
22,2387,0,1
3,2433,1,1
10,2078,0,0
9,508,1,0
9,2963,1,1
23,2967,0,1
21,2838,1,1
8,3083,0,1
2,2408,1,1
6,809,0,0
10,3133,0,1
22,3927,0,1
7,495,0,0
23,2283,0,1
20,1306,0,1
16,876,0,0
3,3367,0,1
6,790,0,0
18,1194,0,1
18,750,0,1
7,1142,0,0
21,3889,0,1
12,407,0,0
4,2716,1,1
9,2982,0,0
13,2977,0,0
7,2553,0,0
21,1388,0,1
16,1057,0,0
2,2679,0,1
13,1474,1,0
9,3948,1,1
22,1821,0,1
18,2657,0,1
23,2755,0,1
15,3538,0,1
0,2501,0,1
9,2622,1,1
23,3779,0,1
7,229,1,0
18,830,0,1
16,2349,0,0
6,1632,0,0
18,2313,1,0
2,739,0,1
8,2736,1,1
8,1469,0,0
15,829,0,0
4,1939,0,1
14,2373,1,1
7,1259,0,0
5,2767,1,1
8,1630,0,0
16,3023,0,1
20,847,0,1
22,2761,0,1
15,413,0,0
4,2307,0,1
12,2297,0,0
3,568,0,1
22,1814,0,1
21,4084,1,1
19,3491,0,0
20,814,0,1
23,1091,0,1
2,4068,0,1
17,1434,0,0
9,509,0,0
8,617,0,0
18,1567,0,1
20,4034,1,1
19,3232,0,1
21,3100,0,1
2,685,0,1
4,2223,0,1
7,2880,0,1
1,1864,0,0
22,2514,0,0
6,3762,1,1
12,1847,0,0
8,3802,0,0
2,4062,1,1
1,3505,0,1
9,2549,0,0
20,2911,1,1
4,2992,0,1
6,3651,0,1
1,2746,0,1
22,1554,0,1
20,648,1,1
19,2494,0,1
10,2913,0,0
17,996,1,0
15,3054,0,1
15,1367,1,0
7,2732,0,0
23,3869,0,1
19,2670,0,1
12,3240,0,1
20,3758,1,1
4,2855,1,1
14,1520,0,0
6,3121,0,1
15,3446,1,1
22,2803,0,1
13,1538,0,0
13,2780,0,0
4,3584,0,1
6,1091,0,0
5,3656,0,1
19,3340,0,0
15,306,0,0
3,3806,0,1
17,2487,0,0
11,2454,0,0
21,1796,0,1
11,2823,0,0
23,3267,0,1
19,2221,1,1
11,2772,1,1
16,2275,0,0
15,4024,0,1
6,270,0,0
0,954,0,1
18,2222,0,1
14,2123,0,0
16,3557,1,1
10,809,0,0
21,3481,0,1
20,3273,0,1
21,142,0,1
13,268,0,0
23,4033,0,1
13,1607,1,1
23,3547,0,1
23,2288,0,1
11,109,0,0
3,3287,0,1
1,670,0,1
3,2864,1,1
2,3304,0,1
8,158,0,0
15,3069,0,1
23,1290,0,1
2,2787,0,0
13,3166,1,1
3,1285,0,1
13,1287,0,0
17,576,0,0
0,1140,0,1
9,3861,0,1
11,1007,0,0
13,2502,0,0
3,805,1,1
0,2652,0,1
9,172,0,1
13,2061,1,1
9,4059,0,1
2,3322,0,1
16,3728,0,1
8,3765,0,1
5,1240,0,1
2,3606,0,1
4,2542,0,1
18,1850,0,1
22,3671,0,1
21,3658,0,1
17,2977,0,0
21,1316,0,1
1,1130,1,1
21,2978,0,1
0,2740,0,1
1,720,0,1
23,2164,1,1
5,280,0,1
22,1403,0,1
20,2636,0,1
14,3992,0,1
15,1727,0,1
22,2746,1,1
0,3586,0,1
9,2194,1,1
22,515,0,0
6,1396,0,0
13,2141,0,0
0,603,0,1
17,3722,0,1
11,2969,0,0
21,1825,0,1
8,2340,0,0
10,3527,1,1
9,2221,1,1
11,4,0,0
0,765,1,0
6,315,0,0
16,84,0,0
2,1009,1,1
14,2463,0,0
14,4009,0,1
10,790,0,0
13,1762,0,0
15,114,0,0
18,1398,0,1
5,4094,1,1
13,3100,0,1
10,1070,0,0
10,889,0,0
9,3074,0,1
3,3025,0,1
1,2657,1,1
22,68,0,1
3,896,1,1
14,665,0,0
22,1639,0,1
0,1173,0,1
21,1392,0,1
15,1536,0,0
10,690,0,0
19,2027,1,1
13,3437,1,1
21,3918,1,1
8,1216,0,0
5,2542,0,1
12,3469,1,1
5,3375,0,1
4,3066,0,1
5,3849,1,1
2,3580,0,1
14,2125,1,1
20,1230,0,1
7,2013,0,0
22,3623,0,1
2,109,0,1
8,576,0,0
19,1876,0,1
18,3248,0,1
11,3722,0,1
18,1294,0,1
9,669,0,0
9,4029,0,1
11,3084,1,1
14,371,0,0
7,397,0,0
3,1170,0,1
8,3024,0,1
7,1707,0,0
20,1220,0,1
22,848,0,1
7,944,0,0
16,3218,0,1
2,741,0,1
22,3211,0,1
20,1464,0,1
9,2590,0,0
16,1290,0,0
6,232,0,0
9,2041,0,0
0,124,0,1
4,2423,1,1
18,539,0,1
16,3918,0,1
6,690,0,0
23,3067,0,1
7,3458,0,1
16,1501,0,0
17,2295,0,0
12,4081,0,1
12,2429,1,1
23,1669,1,1
13,325,0,0
23,2291,0,1
9,1974,1,0
4,711,0,1
6,170,0,0
13,2139,0,0
11,3142,1,1
2,697,0,1
14,814,0,0
23,395,0,1
1,2725,0,1
12,2922,0,0
1,640,0,1
22,441,1,1
14,3616,0,1
2,3989,0,1
5,357,0,1
6,2407,0,0
8,1600,1,0
16,1280,0,0
8,3507,0,1
8,729,0,0
14,236,0,0
17,2501,0,0
18,1753,1,0
18,2528,1,1
19,1784,0,1
3,2944,0,1
2,3561,0,1
0,1638,0,1
17,3211,0,1
21,1693,0,1
16,150,0,0
14,2988,0,0
20,3543,0,1
7,931,1,0
22,3552,0,1
9,2695,0,0
0,40,0,1
11,1390,0,1
7,1620,0,0
1,36,0,1
2,1721,0,1
0,2966,0,1
2,180,1,1
0,1640,0,1
14,1955,1,0
1,3384,0,1
23,1190,1,1
18,2664,0,1
19,1630,0,1
7,3349,0,1
3,2779,0,1
13,1708,0,0
23,3222,1,1
18,3835,0,0
18,1174,1,1
16,3407,0,1
15,2175,0,0
18,52,0,1
8,1003,0,0
9,4056,0,1
18,210,0,1
6,3261,0,1
6,773,0,0
19,2547,0,1
13,1476,1,0
22,455,0,1
10,882,0,0
3,2104,0,1
17,3647,0,0
21,3242,0,1
21,1786,0,1
10,3971,0,1
9,4068,0,1
6,3349,1,1
17,3335,0,1
19,1467,0,1
11,1936,0,1
9,232,0,0
0,1025,0,1
14,678,0,0
8,2342,0,0
14,664,1,0
17,2909,0,0
2,3506,0,1
7,2440,0,0
1,3559,0,1
9,859,0,0
0,1531,1,1
14,2983,0,0
17,3438,0,1
18,385,0,1
22,2872,0,1
12,3360,0,1
20,1669,1,1
16,2773,0,0
13,3767,0,1
9,2662,0,0
16,2157,0,0
6,3653,0,1
2,1344,0,1
4,2118,0,1
11,120,0,0
7,84,0,0
2,3195,0,1
4,961,0,1
10,3976,0,1
18,2120,0,1
19,2980,1,1
21,3838,0,1
21,2125,0,1
2,636,0,1
1,1898,0,1
17,2441,0,0
13,779,0,0
8,1412,0,0
9,635,0,0
7,1470,0,0
15,164,0,0
18,1820,0,1
10,882,0,0
3,2241,1,1
16,1446,0,0
8,3412,0,0
0,2068,0,1
22,1104,1,1
18,788,0,1
11,1928,0,0
5,2733,0,1
14,3910,0,1
23,4093,1,1
6,208,0,0
4,2222,0,1
11,3320,0,0
5,830,0,1
5,1963,0,1
1,3158,0,1
5,143,0,1
23,2445,0,1
17,667,1,0
2,1442,0,1
16,857,1,0
6,0,0,0
12,3833,1,1
22,3318,0,1
2,3759,0,1
4,1976,0,1
0,3951,0,1
23,3955,0,1
12,1636,1,0
6,2262,1,1
15,2115,0,0
11,1310,0,0
22,2843,0,1
20,2578,0,1
8,2729,0,0
11,801,0,0
20,514,0,1
3,1098,0,1
5,2020,0,1
17,3826,0,1
16,2721,0,0
18,1702,1,1
5,2036,0,1
22,1007,0,1
19,3450,0,1
21,1583,0,1
16,2443,0,0
0,2524,0,1
3,892,0,1
17,2648,0,0
0,4018,0,1
21,1465,0,1
4,1207,0,1
17,620,0,0
21,3164,0,1
11,3062,1,1
14,3590,0,1
2,1953,0,1
9,218,0,0
13,1815,1,0
10,791,0,0
3,2086,0,1
4,3492,0,1
0,3615,0,1
22,1444,0,1
20,2480,0,1
3,3846,1,1
19,1995,1,1
2,3263,0,1
7,3564,0,1
15,1847,0,0
23,834,0,1
20,306,0,1
11,2496,1,1
22,289,1,1
13,1503,0,0
19,3820,1,1
17,3716,0,1
4,3944,0,1
20,1789,0,1
14,2375,0,0
14,401,0,0
22,1287,0,1
2,896,0,1
11,4014,0,1
11,3370,0,1
5,255,0,1
17,1942,0,0
5,2330,0,1
19,3750,0,1
6,3420,0,1
5,2115,0,0
23,2968,0,1
22,3082,0,1
7,1907,0,0
13,1431,0,0
22,2861,0,1
21,4044,1,1
7,2649,1,1
15,1507,0,0
13,1416,0,1
13,595,0,0
6,2139,0,0
2,212,0,1
19,1521,0,1
7,3423,0,1
12,759,1,0
0,1846,0,1
12,844,1,1
10,351,1,0
19,3202,0,1
2,1166,0,1
18,817,0,1
22,123,1,1
21,3902,0,1
13,64,1,0
10,3177,0,1
5,2499,0,1
8,3051,1,1
22,3978,0,1
13,899,1,0
15,1570,0,0
11,1747,0,0
19,1118,1,1
16,345,0,0
19,3856,0,1
5,3284,0,1
7,1376,0,0
18,1599,0,1
17,2213,0,0
21,1691,0,1
9,1060,0,0
8,1362,1,0
20,1985,0,1
5,2591,0,1
5,3472,1,1
7,3907,1,1
23,1698,0,1
6,696,0,0
19,1690,0,1
22,788,0,1
1,21,0,1
13,2145,0,0
4,1305,1,1
16,1772,0,0
4,2861,0,1
5,3767,0,1
11,601,0,0
21,3752,0,1
10,1566,0,0
4,518,0,1
16,81,0,0
5,1538,0,1
16,1405,0,0
20,3752,0,1
19,3511,0,1
4,3318,1,1
17,2055,0,0
15,1924,1,1
22,1284,0,1
9,2976,0,0
8,39,0,0
15,290,0,0
7,2311,0,0
15,3068,0,1
15,3137,1,1
8,1350,0,0
11,3629,0,1
8,2519,0,0
17,2622,0,0
12,238,0,0
18,989,0,1
6,774,0,0
5,1263,1,1
9,1272,1,0
3,1391,0,1
16,820,0,0
16,2962,0,0
10,439,0,0
5,3182,0,1
6,2271,0,0
12,1249,0,0
18,1745,0,1
14,1778,0,0
20,2026,0,1
20,2281,0,1
2,1710,0,1
17,2690,0,0
4,392,0,1
12,2266,0,0
0,1385,0,1
22,2594,1,1
8,3765,0,1
16,3071,0,1
0,2406,0,1
11,3893,0,1
14,1775,1,0
9,3131,1,1
19,1472,0,1
14,624,0,0
19,1703,0,1
0,929,0,1
5,1431,0,0
14,1159,1,0
5,643,0,1
5,1031,0,1
1,1366,1,0
5,2542,0,1
21,3997,0,1
17,3441,1,1
21,1234,0,1
14,3714,0,1
11,1557,0,1
8,2317,0,0
7,1392,0,0
22,1771,0,1
9,1744,0,0
7,3399,0,1
5,3786,0,1
23,3484,1,1
14,1878,0,0
2,2194,0,1
2,2117,1,1
17,912,0,0
3,837,1,1
4,65,0,1
17,3436,0,1
18,3354,0,1
4,2627,0,1
1,1062,0,1
0,2568,1,1
9,2926,0,0
21,4093,0,1
13,2035,0,0
6,1142,0,0
17,3567,0,1
17,3756,1,1
16,269,0,0
12,2517,1,0
8,4085,1,1
7,3951,0,1
13,1408,1,0
1,1069,0,1
8,1187,0,0
3,534,0,1
11,1708,0,0
15,235,0,0
9,931,1,0
15,1939,0,0
0,3193,0,1
10,70,0,0
4,1330,1,1
19,3801,0,1
3,73,0,1
11,2087,0,0
6,3607,0,1
20,665,1,1
10,2016,0,0
14,269,0,0
23,3512,0,1
12,1105,1,1
16,237,0,0
22,2282,0,1
14,1692,0,1
14,2398,1,1
1,1800,0,1
11,4065,0,1
1,651,0,1
6,1799,0,0
17,491,0,0
10,3545,0,1
10,965,0,0
23,2299,0,1
20,991,0,1
19,1796,0,1
9,2343,0,0
19,3087,1,1
1,758,0,1
9,2230,0,0
4,98,0,1
5,818,0,1
11,729,1,0
10,1770,0,0
6,3787,0,0
6,1597,0,0
7,296,0,0
9,946,0,0
3,3612,0,1
14,1353,0,0
18,1720,0,1
3,4014,0,1
13,1644,0,0
22,3287,0,1
14,894,0,0
14,1568,0,0
22,1342,1,1
16,84,0,0
3,178,0,1
15,45,0,0
0,1147,0,1
12,72,0,0
6,1783,1,0
18,2719,0,1
21,2109,0,1
19,3172,0,1
18,1986,0,1
13,3773,0,1
10,4073,0,1
4,3472,1,1
10,2945,1,1
2,2643,0,1
8,358,0,0
7,2674,1,1
15,1168,1,0
20,1267,0,1
23,1435,0,0
5,2590,0,1
3,1198,0,1
21,3096,0,1
23,361,0,1
4,1210,0,1
19,3254,0,1
17,880,1,0
22,2688,0,1
1,1703,0,1
15,2914,0,0
8,192,0,0
13,839,0,0
2,477,0,1
0,906,0,1
1,436,0,1
14,737,0,0
23,3884,1,1
20,2102,1,1
11,3918,0,1
8,3865,0,1
6,1943,0,0
22,3459,1,1
21,3763,1,1
14,766,1,0
0,4036,1,1
22,1246,1,1
21,1669,0,1
14,1408,0,0
17,2419,0,0
16,382,0,0
22,1004,0,1
10,2124,0,0
21,2591,1,1
2,198,1,1
5,1322,0,1
5,1893,0,1
13,1058,0,0
1,2951,0,1
17,3159,0,1
21,1479,1,1
22,1718,0,1
17,3113,1,1
11,2470,0,0
0,2584,1,1
6,806,0,0
12,2938,0,1
1,2919,0,1
0,3991,0,1
4,32,1,1
14,2366,1,1
6,1914,1,0
15,3648,1,1
19,3886,0,1
7,2898,1,1
11,1583,0,0
2,2318,0,1
17,4083,0,1
20,3799,0,1
15,4051,0,1
11,2017,0,1
18,3450,0,1
11,3783,0,1
12,914,1,0
7,1654,0,0
20,1583,1,1
16,2354,0,1
4,1855,0,1
1,2353,1,1
11,1840,1,0
16,1665,0,0
9,1650,0,0
17,1582,0,0
5,2264,0,1
2,4077,0,1
9,2837,1,1
13,1720,0,0
15,2333,0,0
2,2271,0,1
6,653,0,0
8,1936,0,0
14,884,0,0
10,3300,0,1
4,3197,0,1
20,381,0,1
20,3766,0,1
0,458,0,1
23,802,1,1
2,1386,0,1
1,1995,0,1
11,3902,0,1
11,510,0,0
3,3244,0,1
15,3834,1,1
19,978,0,1
4,3490,0,1
17,58,0,0
14,2453,0,0
17,2908,0,0
12,2375,0,0
21,4025,0,1
23,3652,0,1
1,492,0,1
2,1309,0,1
22,975,0,1
12,425,0,0
9,4057,0,1
17,2235,0,0
17,38,1,0
2,3595,0,1
19,1621,0,1
1,3145,0,1
0,510,1,1
15,1087,0,0
1,3750,0,1
23,484,1,1
23,1041,0,1
10,819,0,0
8,3670,0,1
8,498,0,0
11,2574,1,1
12,2394,0,0
4,3140,0,1
9,223,0,0
20,4091,1,1
20,1863,1,1
11,662,0,0
10,3466,0,1
18,1015,1,1
18,1410,1,1
13,2272,1,1
9,3011,0,1
7,3496,0,1
18,2387,0,1
8,3665,0,1
23,1570,0,1
5,986,0,1
18,1100,0,1
7,2202,0,0
15,3209,1,1
0,1195,0,1
8,3852,1,1
8,1337,0,0
0,1773,0,1
14,1118,0,1
7,2727,0,0
3,254,0,1
